key,0,1,2,3
#,Icon,JournalCategory,,Name
int32,Image,JournalCategory,bit&01,str
0,0,0,False,""
1,61412,1,True,"Seventh Umbral Era"
2,61412,2,True,"Seventh Astral Era"
3,61412,3,True,"Heavensward"
4,61412,4,True,"Dragonsong War"
5,61412,5,True,"Post-Dragonsong War"
6,61412,6,True,"Stormblood"
7,61412,7,True,"Post-Ala Mhigan Liberation"
8,61412,8,True,"Shadowbringers"
9,61412,9,True,"The Voyage Home"
10,61412,10,True,"Dark Reprise"
11,61412,11,True,"Endwalker"
12,61412,12,True,"Newfound Adventure"
13,61412,13,True,"Dawntrail"
14,61412,14,True,"The New Dawn"
15,61412,15,True,"Winter's Prelude"
16,61411,16,True,"Primal Quests"
17,61411,17,True,"Bahamut Quests"
18,61411,18,True,"Crystal Tower Quests"
19,61411,19,True,"Alexander Quests"
20,61411,20,True,"Heavensward Primal Quests"
21,61411,21,True,"Shadow of Mhach Quests"
22,61411,22,True,"Omega Quests"
23,61411,22,True,"Omega: Beyond the Rift"
24,61411,23,True,"Return to Ivalice"
25,61411,24,True,"The Four Lords"
26,61411,25,True,"Eden"
27,61411,26,True,"YoRHa: Dark Apocalypse"
28,61411,27,True,"Garlemald's Machinations"
29,61411,28,True,"Pandæmonium"
30,61411,28,True,"Pandæmonium: Epilogue"
31,61411,29,True,"Myths of the Realm"
32,61411,30,True,"The Arcadion"
33,61411,31,True,"Echoes of Vana'diel"
34,61411,32,True,"Main Quests"
35,61411,32,True,"Daily Quests"
36,61411,33,True,"Main Quests"
37,61411,33,True,"Daily Quests"
38,61411,34,True,"Main Quests"
39,61411,34,True,"Daily Quests"
40,61411,36,True,"Main Quests"
41,61411,36,True,"Daily Quests"
42,61411,37,True,"Main Quests"
43,61411,37,True,"Daily Quests"
44,61411,38,True,"Main Quests"
45,61411,38,True,"Daily Quests"
46,61411,39,True,"Main Quests"
47,61411,39,True,"Daily Quests"
48,61411,40,True,"Main Quests"
49,61411,40,True,"Daily Quests"
50,61411,41,True,"Main Quests"
51,61411,41,True,"Daily Quests"
52,61411,42,True,"Main Quests"
53,61411,42,True,"Daily Quests"
54,61411,43,True,"Main Quests"
55,61411,43,True,"Daily Quests"
56,61411,44,True,"Main Quests"
57,61411,44,True,"Daily Quests"
58,61411,45,True,"Main Quests"
59,61411,45,True,"Daily Quests"
60,61411,46,True,"Main Quests"
61,61411,46,True,"Daily Quests"
62,61411,47,True,"Main Quests"
63,61411,47,True,"Daily Quests"
64,61411,48,True,"Main Quests"
65,61411,48,True,"Daily Quests"
66,61411,49,True,"Main Quests"
67,61411,49,True,"Daily Quests"
68,61411,50,True,"Main Quests"
69,61411,50,True,"Daily Quests"
70,61411,51,True,"Main Quests"
71,61411,51,True,"Daily Quests"
72,61411,52,True,"Main Quests"
73,61411,52,True,"Daily Quests"
74,61411,53,True,"A Realm Reborn Allied Society Quests"
75,61411,53,True,"Heavensward Allied Society Quests"
76,61411,53,True,"Stormblood Allied Society Quests"
77,61411,53,True,"Endwalker Allied Society Quests"
78,0,0,False,""
79,61411,54,True,"Tales of the Dragonsong War"
80,61411,54,True,"Tales from the Shadows"
81,61411,54,True,"Tales of Newfound Adventure"
82,61411,55,True,"Hildibrand Adventures"
83,61411,55,True,"Further Hildibrand Adventures"
84,61411,55,True,"Even Further Hildibrand Adventures"
85,61411,55,True,"Somehow Further Hildibrand Adventures"
86,61411,55,True,"Manderville Weapons"
87,61411,55,True,"Inconceivably Further Hildibrand Adventures"
88,61411,56,True,"Zodiac Weapons"
89,61411,56,True,"Anima Weapons"
90,61411,56,True,"The Forbidden Land, Eureka"
91,61411,56,True,"Resistance Weapons"
92,61411,56,True,"Phantom Weapons"
93,61411,58,True,"Tales from the Calamity"
94,61411,58,True,"Delivery Moogle Quests"
95,61411,58,True,"Scholasticate Quests"
96,61411,58,True,"Void Quests"
97,61411,58,True,"Tataru's Grand Endeavor"
98,61411,57,True,"Doman Adventurers' Guild Quests"
99,61411,57,True,"Doman Reconstruction Quests"
100,61411,57,True,"Ishgardian Restoration Main Quests"
101,61411,57,True,"Ishgardian Restoration Sidequests"
102,61411,57,True,"Splendorous Tools"
103,61411,57,True,"Palace of the Dead"
104,61411,57,True,"Heaven-on-High"
105,61411,57,True,"Eureka Orthos"
106,61411,57,True,"Pilgrim's Traverse"
107,61411,57,True,"Island Sanctuary Quests"
108,61411,57,True,"Variant Dungeons"
109,61411,57,True,"Cosmic Exploration Main Quests"
110,61411,57,True,"Cosmic Exploration Sidequests"
111,61411,57,True,"The Occult Crescent"
112,61411,59,True,"La Noscean Sidequests"
113,61411,60,True,"Gridanian Sidequests"
114,61411,61,True,"Ul'dahn Sidequests"
115,61411,62,True,"Coerthan Sidequests"
116,61411,63,True,"Mor Dhonan Sidequests"
117,61411,64,True,"Ishgardian Sidequests"
118,61411,65,True,"Abalathian Sidequests"
119,61411,66,True,"Dravanian Forelands Sidequests"
120,61411,66,True,"Dravanian Hinterlands Sidequests"
121,61411,66,True,"Churning Mists Sidequests"
122,61411,66,True,"Idyllshire Sidequests"
123,61411,67,True,"Azys Lla Sidequests"
124,61411,68,True,"Rhalgr's Reach Sidequests"
125,61411,68,True,"Fringes Sidequests"
126,61411,68,True,"Peaks Sidequests"
127,61411,68,True,"Lochs Sidequests"
128,61411,70,True,"Kugane Sidequests"
129,61411,69,True,"Ruby Sea Sidequests"
130,61411,69,True,"Yanxia Sidequests"
131,61411,69,True,"Azim Steppe Sidequests"
132,61411,71,True,"Crystarium Sidequests"
133,61411,72,True,"Eulmore Sidequests"
134,61411,71,True,"Lakeland Sidequests"
135,61411,72,True,"Kholusia Sidequests"
136,61411,73,True,"Amh Araeng Sidequests"
137,61411,74,True,"Il Mheg Sidequests"
138,61411,75,True,"Rak'tika Sidequests"
139,61411,76,True,"Tempest Sidequests"
140,61411,77,True,"Old Sharlayan Sidequests"
141,61411,78,True,"Radz-at-Han Sidequests"
142,61411,77,True,"Labyrinthos Sidequests"
143,61411,78,True,"Thavnairian Sidequests"
144,61411,79,True,"Garlean Sidequests"
145,61411,80,True,"Mare Lamentorum Sidequests"
146,61411,81,True,"Elpis Sidequests"
147,61411,82,True,"Ultima Thule Sidequests"
148,61411,83,True,"Tuliyollal Sidequests"
149,61411,83,True,"Urqopacha Sidequests"
150,61411,83,True,"Kozama'uka Sidequests"
151,61411,83,True,"Yak T'el Sidequests"
152,61411,84,True,"Shaaloani Sidequests"
153,61411,84,True,"Heritage Found Sidequests"
154,61411,84,True,"Solution Nine Sidequests"
155,61411,85,True,"Living Memory Sidequests"
156,62301,86,True,"Gladiator Quests"
157,62302,86,True,"Pugilist Quests"
158,62303,86,True,"Marauder Quests"
159,62304,86,True,"Lancer Quests"
160,62305,86,True,"Archer Quests"
161,62309,86,True,"Rogue Quests"
162,62306,87,True,"Conjurer Quests"
163,62307,87,True,"Thaumaturge Quests"
164,62308,87,True,"Arcanist Quests"
165,62310,88,True,"Carpenter Quests"
166,62311,88,True,"Blacksmith Quests"
167,62312,88,True,"Armorer Quests"
168,62313,88,True,"Goldsmith Quests"
169,62314,88,True,"Leatherworker Quests"
170,62315,88,True,"Weaver Quests"
171,62316,88,True,"Alchemist Quests"
172,62317,88,True,"Culinarian Quests"
173,62318,89,True,"Miner Quests"
174,62319,89,True,"Botanist Quests"
175,62320,89,True,"Fisher Quests"
176,62401,93,True,"Paladin Quests"
177,62402,93,True,"Monk Quests"
178,62403,93,True,"Warrior Quests"
179,62404,93,True,"Dragoon Quests"
180,62405,93,True,"Bard Quests"
181,62410,93,True,"Ninja Quests"
182,62406,94,True,"White Mage Quests"
183,62407,94,True,"Black Mage Quests"
184,62408,94,True,"Summoner Quests"
185,62409,94,True,"Scholar Quests"
186,62412,93,True,"Dark Knight Quests"
187,62411,93,True,"Machinist Quests"
188,62413,94,True,"Astrologian Quests"
189,62414,93,True,"Samurai Quests"
190,62415,94,True,"Red Mage Quests"
191,62417,93,True,"Gunbreaker Quests"
192,62418,93,True,"Dancer Quests"
193,62420,94,True,"Sage Quests"
194,62419,93,True,"Reaper Quests"
195,62421,93,True,"Viper Quests"
196,62422,94,True,"Pictomancer Quests"
197,62416,94,True,"Blue Mage Quests"
198,0,0,False,""
199,61411,90,True,"Facet of Forging Quests"
200,61411,90,True,"Facet of Crafting Quests"
201,61411,90,True,"Facet of Nourishing Quests"
202,61411,90,True,"Facet of Gathering Quests"
203,61411,90,True,"Facet of Fishing Quests"
204,61411,90,True,"Crystalline Mean Quests"
205,62521,91,True,"Faculty of Archaeology Quests"
206,62521,91,True,"Faculty of Astronomy Quests"
207,62521,91,True,"Faculty of Medicine Quests"
208,62521,91,True,"Faculty of Anthropology Quests"
209,62521,91,True,"Faculty of Aetherology Quests"
210,62521,91,True,"Studium Quests"
211,62523,92,True,"XRral Soj Metalwares Quests"
212,62523,92,True,"Epistles by Pameka Quests"
213,62523,92,True,"Xeerol Ja Juicecraft Quests"
214,62523,92,True,"Shunye's Apothecary Quests"
215,62523,92,True,"Fish Fancies Donuhanu Quests"
216,62523,92,True,"Wachumeqimeqi Quests"
217,62522,95,True,"Tank Role Quests (Shadowbringers)"
218,62522,95,True,"Healer Role Quests (Shadowbringers)"
219,62522,95,True,"Physical DPS Role Quests (Shadowbringers)"
220,62522,95,True,"Magical Ranged DPS Role Quests (Shadowbringers)"
221,62522,95,True,"Role Quests (Shadowbringers)"
222,62522,95,True,"Tank Role Quests (Endwalker)"
223,62522,95,True,"Healer Role Quests (Endwalker)"
224,62522,95,True,"Melee DPS Role Quests (Endwalker)"
225,62522,95,True,"Physical Ranged DPS Role Quests (Endwalker)"
226,62522,95,True,"Magical Ranged DPS Role Quests (Endwalker)"
227,62522,95,True,"Role Quests (Endwalker)"
228,62522,95,True,"Tank Role Quests (Dawntrail)"
229,62522,95,True,"Healer Role Quests (Dawntrail)"
230,62522,95,True,"Melee DPS Role Quests (Dawntrail)"
231,62522,95,True,"Physical Ranged DPS Role Quests (Dawntrail)"
232,62522,95,True,"Magical Ranged DPS Role Quests (Dawntrail)"
233,62522,95,True,"Role Quests (Dawntrail)"
234,61401,96,True,"Maelstrom Quests"
235,61402,96,True,"Order of the Twin Adder Quests"
236,61403,96,True,"Immortal Flames Quests"
237,61411,97,True,"Seasonal Events"
238,61411,97,True,"Heavensturn Events"
239,61411,97,True,"Eastern Duties"
240,61411,97,True,"Valentione's Day Events"
241,61411,97,True,"Valentione's & Little Ladies' Day Events"
242,61411,97,True,"Little Ladies' Day Events"
243,61411,97,True,"Little Ladies' & Hatching-tide Events"
244,61411,97,True,"Hatching-tide Events"
245,61411,97,True,"Gold Saucer Festivities"
246,61411,97,True,"Moonfire Faire Events"
247,61411,97,True,"Rising Events"
248,61411,97,True,"All Saints' Wake Events"
249,61411,97,True,"Starlight Celebration Events"
250,61411,97,True,"Other Seasonal Events"
251,61411,98,True,"Special Quests"
252,61411,98,True,"Collaboration Quests"
253,0,0,False,""
254,0,0,False,""
255,0,0,False,""
256,0,0,False,""
257,0,0,False,""
258,0,0,False,""
259,0,0,False,""
260,0,0,False,""
261,0,0,False,""
262,0,0,False,""
263,0,0,False,""
264,0,0,False,""
265,0,0,False,""
266,0,0,False,""
267,0,0,False,""
268,0,0,False,""
269,0,0,False,""
270,0,0,False,""
271,62501,99,False,"Battlecraft Levequests"
272,62502,103,False,"Carpenter Levequests"
273,62503,104,False,"Blacksmith Levequests"
274,62504,105,False,"Armorer Levequests"
275,62505,106,False,"Goldsmith Levequests"
276,62506,107,False,"Leatherworker Levequests"
277,62507,108,False,"Weaver Levequests"
278,62508,109,False,"Alchemist Levequests"
279,62509,110,False,"Culinarian Levequests"
280,62510,100,False,"Miner Levequests"
281,62511,101,False,"Botanist Levequests"
282,62512,102,False,"Fisher Levequests"
283,62513,124,False,"Maelstrom Levequests"
284,62514,124,False,"Order of the Twin Adder Levequests"
285,62515,124,False,"Immortal Flames Levequests"
286,61801,125,False,"Instanced Dungeons"
287,61802,125,False,"Instanced Raids"
288,61804,125,False,"Trials"
289,61801,126,False,"Instanced Dungeons"
290,61802,126,False,"Instanced Raids"
291,61804,126,False,"Trials"
292,61824,126,False,"Deep Dungeons"
293,61801,127,False,"Instanced Dungeons"
294,61802,127,False,"Instanced Raids"
295,61804,127,False,"Trials"
296,61824,127,False,"Deep Dungeons"
297,61833,127,False,"Eureka Expedition Quests"
298,61801,128,False,"Instanced Dungeons"
299,61802,128,False,"Instanced Raids"
300,61804,128,False,"Trials"
301,61838,128,False,"Save the Queen: Blades of Gunnhildr"
302,61801,129,False,"Instanced Dungeons"
303,61802,129,False,"Instanced Raids"
304,61804,129,False,"Trials"
305,61824,129,False,"Deep Dungeons"
306,61846,129,False,"Criterion Dungeons"
307,61801,130,False,"Instanced Dungeons"
308,61802,130,False,"Instanced Raids"
309,61804,130,False,"Trials"
310,61851,130,False,"The Occult Crescent"
311,61824,130,False,"Deep Dungeons"
312,61846,130,False,"Criterion Dungeons"
313,61803,125,False,"Guildhests"
314,0,0,False,""
315,0,0,False,""
316,0,0,False,""
317,0,0,False,""
318,0,0,False,""
319,0,0,False,""
320,0,0,False,""
321,0,0,False,""
322,0,0,False,""
323,0,0,False,""
324,0,0,False,""
325,0,0,False,""
326,0,0,False,""
327,0,0,False,""
328,0,0,False,""
329,0,0,False,""
330,0,0,False,""
331,0,0,False,""
332,0,0,False,""
333,0,0,False,""
334,0,0,False,""
335,0,0,False,""
336,0,0,False,""
337,0,0,False,""
338,0,0,False,""
339,0,0,False,""
340,0,0,False,""
341,0,0,False,""
342,0,0,False,""
343,0,0,False,""
344,0,131,False,"Legacy Main Scenario Quests"
345,0,131,False,"Legacy Sidequests"
346,0,131,False,"Legacy Class Quests"
347,0,131,False,"Legacy Job Quests"
348,0,131,False,"Legacy Grand Company Quests"
