key,0,1,2,3,4,5,6,7,8,9,10,11,12,13
#,,,,,,,,,,,,,,
int32,byte,uint32,uint16,str,sbyte,str,sbyte,sbyte,sbyte,sbyte,sbyte,str,str,str
0,0,0,0,"",0,"",0,0,1,0,0,"","",""
1,1,243001,98,"belt of constitution",0,"belts of constitution",0,0,1,0,0,"Belt of Constitution","Maximum HP +20%","Increases maximum HP."
2,1,243002,35,"ring of sacrifice",0,"rings of sacrifice",0,0,1,0,0,"Ring of Sacrifice","Revives beastmaster upon KO by sacrificing the summoned familiar.
Ineffective if a familiar is not summoned.","Sacrifices familiar to revive beastmaster."
3,1,243003,175,"ring of curing",0,"rings of curing",0,0,1,0,0,"Ring of Curing","Recovers 25% of maximum HP at the end of battles.","Recovers HP after battles."
4,1,243004,35,"chemist's satchel",0,"chemist's satchels",0,0,1,0,0,"Chemist's Satchel","Procures one random beast potion upon resting at campsites.","Grants beast potions at campsites."
5,1,243005,56,"hexed hat",0,"hexed hats",0,0,1,0,0,"Hexed Hat","Magic Vulnerability -10%","Reduces magic damage taken."
6,1,243006,63,"suit of steel armor",0,"suits of steel armor",0,0,1,0,0,"Steel Armor","Physical Vulnerability -15%","Reduces physical damage taken."
7,1,243007,190,"crown of the wild",0,"crowns of the wild",0,0,1,0,0,"Crown of the Wild","Physical Damage Dealt +10%
Critical Hit Rate +3%
※Effects also apply to summoned familiar.","Increases physical damage dealt and critical hit rate. Familiar-friendly."
8,1,243008,190,"staff of the wise",0,"staves of the wise",0,0,1,0,0,"Staff of the Wise","Magic Damage Dealt +20%
※Effects also apply to summoned familiar.","Increases magic damage dealt. Familiar-friendly."
9,1,243009,174,"power armlet",0,"power armlets",0,0,1,0,0,"Power Armlet","Physical Damage Dealt +12%
Evasion +3%","Increases physical damage dealt and evasion."
10,1,243010,84,"twisted headband",0,"twisted headbands",0,0,1,0,0,"Twisted Headband","Physical Damage Dealt +5%
Physical Vulnerability -5%","Increases physical damage dealt. Reduces physical damage taken."
11,1,243011,174,"green beret",0,"green berets",0,0,1,0,0,"Green Beret","Critical Hit Power +35
Damage Dealt +3%
Maximum HP +7%","Increases critical hit power, damage dealt, and maximum HP."
12,1,243012,91,"pair of mystic boots",0,"pairs of mystic boots",0,0,1,0,0,"Mystic Boots","Evasion +8%
Movement Speed +50%
Increases HP recovery via actions and crucible items by 15%.","Increases evasion, movement speed, and HP recovery."
13,1,243013,104,"ring of protection",0,"rings of protection",0,0,1,0,0,"Ring of Protection","Damage Taken -10%
Maximum HP +7%","Reduces damage taken. Increases maximum HP."
14,1,243014,140,"ice shield",0,"ice shields",0,1,1,0,0,"Ice Shield","Damage Taken -30%
<UIForeground>F201FA</UIForeground><UIGlow>F201FB</UIGlow>Slow<UIGlow>01</UIGlow><UIForeground>01</UIForeground> +10%
30% chance to absorb ice damage as HP.","Reduces damage taken. Inflicts Slow on self. May absorb ice damage. "
15,1,243015,266,"earth shield",0,"earth shields",0,1,1,0,0,"Earth Shield","30% chance to absorb earth damage as HP.
10% chance to grant <UIForeground>F201FA</UIForeground><UIGlow>F201FB</UIGlow>Stoneskin<UIGlow>01</UIGlow><UIForeground>01</UIForeground> upon blocking with shield.
<UIForeground>F2023B</UIForeground><UIGlow>F2023C</UIGlow>Stoneskin Effect:<UIGlow>01</UIGlow><UIForeground>01</UIForeground> Absorbs damage totaling 15% of maximum HP
<UIForeground>F2023B</UIForeground><UIGlow>F2023C</UIGlow>Duration:<UIGlow>01</UIGlow><UIForeground>01</UIForeground> 60s","May absorb earth damage. May grant Stoneskin upon shield block."
16,1,243016,214,"water shield",0,"water shields",0,0,1,0,0,"Water Shield","Block Strength +50%
30% chance to absorb water damage as HP.
10% chance to grant <UIForeground>F201FA</UIForeground><UIGlow>F201FB</UIGlow>Reflect<UIGlow>01</UIGlow><UIForeground>01</UIForeground> upon blocking with shield.
<UIForeground>F2023B</UIForeground><UIGlow>F2023C</UIGlow>Reflect Effect:<UIGlow>01</UIGlow><UIForeground>01</UIForeground> Reflects most magic attacks back at the caster
<UIForeground>F2023B</UIForeground><UIGlow>F2023C</UIGlow>Duration:<UIGlow>01</UIGlow><UIForeground>01</UIForeground> 60s","Increases block strength. May absorb water damage. May grant Reflect upon shield block."
17,1,243017,82,"force shield",0,"force shields",0,0,1,0,0,"Force Shield","Block Strength +75%
Magic Vulnerability -10%","Increases block strength. Reduces magic damage taken."
18,1,243018,84,"crimson ribbon",0,"crimson ribbons",0,0,1,0,0,"Crimson Ribbon","Petrification Resistance +100%
Blind Resistance +100%
Paralysis Resistance +100%","Increases petrification, blind, and paralysis resistances."
19,1,243019,238,"pair of Genji gloves",0,"pairs of Genji gloves",0,0,1,0,0,"Genji Gloves","Damage Dealt +12%
Paralysis Resistance +100%
10% chance to recover TP upon completing a combo with a beastmaster instinctual skill.","Increases damage dealt and paralysis resistance. May recover TP upon familiar combo."
20,1,243020,94,"Genji greatshield",0,"Genji greatshields",0,0,1,0,0,"Genji Greatshield","Block Strength +30%
Evasion +10%","Increases block strength and evasion."
21,1,243021,226,"suit of Genji armor",0,"suits of Genji armor",0,0,1,0,0,"Genji Armor","Movement Speed -20%
Damage Taken -20%
Maximum HP +30%","Reduces movement speed and damage taken. Increases maximum HP."
22,1,243022,112,"pair of silver specs",0,"pairs of silver specs",0,0,1,0,0,"Silver Specs","Critical Hit Rate +15%
Blind Resistance +100%","Increases critical hit rate and blind resistance."
23,1,243023,189,"angel robe",0,"angel robes",0,1,1,0,0,"Angel Robe","Damage Taken -7%
Poison Resistance +100%
5% chance to grant one stack of <UIForeground>F201FA</UIForeground><UIGlow>F201FB</UIGlow>Rehabilitation<UIGlow>01</UIGlow><UIForeground>01</UIForeground> upon suffering damage.
<UIForeground>F2023B</UIForeground><UIGlow>F2023C</UIGlow>Rehabilitation Effect:<UIGlow>01</UIGlow><UIForeground>01</UIForeground> Restores 3% of maximum HP at regular intervals
<UIForeground>F2023B</UIForeground><UIGlow>F2023C</UIGlow>Duration:<UIGlow>01</UIGlow><UIForeground>01</UIForeground> 12s
<UIForeground>F2023B</UIForeground><UIGlow>F2023C</UIGlow>Maximum Stacks:<UIGlow>01</UIGlow><UIForeground>01</UIForeground> 8","Reduces damage taken. Increases poison resistance. May recover HP upon suffering damage."
24,1,243024,390,"master shield",0,"master shields",0,0,1,0,0,"Master Shield","Block Strength +125%
Damage Taken -25%
Maximum HP +35%","Increases block strength and maximum HP. Reduces damage taken."
25,1,243025,220,"mystic veil",0,"mystic veils",0,0,1,0,0,"Mystic Veil","Magic Damage Dealt +18%
Magic Vulnerability -15%
Increases HP recovery via actions and crucible items by 15%.","Increases magic damage dealt and HP recovery. Reduces magic damage taken."
26,1,243026,122,"black cowl",0,"black cowls",0,0,1,0,0,"Black Cowl","Maximum HP +6%
Evasion +8%
Sleep Resistance +100%","Increases maximum HP, evasion, and sleep resistance."
27,1,243027,420,"hero's crown",0,"hero's crowns",0,0,1,0,0,"Hero's Crown","Maximum HP +30%
Damage Dealt +18%
Grants <UIForeground>F201FA</UIForeground><UIGlow>F201FB</UIGlow>Excellence<UIGlow>01</UIGlow><UIForeground>01</UIForeground> upon completing a combo with a beastmaster instinctual skill.
<UIForeground>F2023B</UIForeground><UIGlow>F2023C</UIGlow>Excellence Effect:<UIGlow>01</UIGlow><UIForeground>01</UIForeground> Nullifies most attacks and increases damage dealt by 10%
<UIForeground>F2023B</UIForeground><UIGlow>F2023C</UIGlow>Duration:<UIGlow>01</UIGlow><UIForeground>01</UIForeground> 9s","Increases maximum HP and damage dealt. Grants Excellence upon familiar combo."
28,1,243028,150,"mirage vest",0,"mirage vests",0,0,1,0,0,"Mirage Vest","20% chance to grant one stack of <UIForeground>F201FA</UIForeground><UIGlow>F201FB</UIGlow>Blink<UIGlow>01</UIGlow><UIForeground>01</UIForeground> upon suffering damage.
<UIForeground>F2023B</UIForeground><UIGlow>F2023C</UIGlow>Blink Effect:<UIGlow>01</UIGlow><UIForeground>01</UIForeground> Nullifies most physical attacks, reducing one stack per nullification
<UIForeground>F2023B</UIForeground><UIGlow>F2023C</UIGlow>Duration:<UIGlow>01</UIGlow><UIForeground>01</UIForeground> 120s","May grant Blink upon suffering damage."
29,1,243029,99,"suit of soulreaper's armor",0,"suits of soulreaper's armor",0,0,1,0,0,"Soulreaper's Armor","Maximum HP +10%
Damage Taken -5%
Doom Resistance +100%","Increases maximum HP and doom resistance. Reduces damage taken."
30,1,243030,168,"suit of briar armor",0,"suits of briar armor",0,0,1,0,0,"Briar Armor","Deals unaspected damage with a potency of 360 each time you suffer physical damage.
Counter damage is affected by magic damage increase effects of other beast gear, items, and abilities.","Counters upon suffering physical damage."
31,1,243031,90,"coward's knife",0,"coward's knives",0,0,1,0,0,"Coward's Knife","Damage Dealt +1%
35% chance to offer escape from an enemy space, thus avoiding battle and forfeiting loot. Ineffective on elite enemy or boss spaces.
Grants one stack of <UIForeground>F201FA</UIForeground><UIGlow>F201FB</UIGlow>Guerrilla Tactics<UIGlow>01</UIGlow><UIForeground>01</UIForeground> upon fleeing.
<UIForeground>F2023B</UIForeground><UIGlow>F2023C</UIGlow>Guerrilla Tactics Effect:<UIGlow>01</UIGlow><UIForeground>01</UIForeground> Increases damage dealt by 18% and evasion by 4%","Increases damage dealt. May offer chance to flee enemy spaces."
32,1,243032,167,"umbral mantle",0,"umbral mantles",0,1,1,0,0,"Umbral Mantle","Maximum HP +12%
25% chance to recover TP upon completing a combo with a beastmaster instinctual skill.","Increases maximum HP. May recover TP upon familiar combo."
33,1,243033,81,"umbral band",0,"umbral bands",0,1,1,0,0,"Umbral Band","Physical Vulnerability -9%
10% chance to recover TP upon completing a combo with a beastmaster instinctual skill.","Reduces physical damage taken. May recover TP upon familiar combo."
34,1,243034,112,"umbral wristlet",0,"umbral wristlets",0,1,1,0,0,"Umbral Wristlet","Magic Vulnerability -15%
Maximum HP +5%
Stun Resistance +100%","Reduces magic damage taken. Increases maximum HP and stun resistance."
35,1,243035,190,"astral mantle",0,"astral mantles",0,1,1,0,0,"Astral Mantle","<UIForeground>F201FA</UIForeground><UIGlow>F201FB</UIGlow>Rapid Recast<UIGlow>01</UIGlow><UIForeground>01</UIForeground> +25%
Damage Taken -7%
Maximum HP +15%","Grants Rapid Recast. Reduces damage taken. Increases maximum HP."
36,1,243036,74,"astral band",0,"astral bands",0,1,1,0,0,"Astral Band","<UIForeground>F201FA</UIForeground><UIGlow>F201FB</UIGlow>Rapid Recast<UIGlow>01</UIGlow><UIForeground>01</UIForeground> +15%
Physical Vulnerability -8%","Grants Rapid Recast. Reduces physical damage taken."
37,1,243037,86,"astral wristlet",0,"astral wristlets",0,1,1,0,0,"Astral Wristlet","<UIForeground>F201FA</UIForeground><UIGlow>F201FB</UIGlow>Rapid Recast<UIGlow>01</UIGlow><UIForeground>01</UIForeground> +15%
Magic Vulnerability -8%","Grants Rapid Recast. Reduces magic damage taken."
38,1,243038,168,"flame-wreathed axe",0,"flame-wreathed axes",0,0,1,0,0,"Flame-wreathed Axe","Deals additional fire damage with a potency of 240 after each auto-attack.
Additional damage is affected by magic damage increase effects of other beast gear, items, and abilities.
When carrying multiple pieces of beast gear that influence auto-attacks, only one will take effect.","Adds fire damage to auto-attacks."
39,1,243039,168,"icebitten axe",0,"icebitten axes",0,1,1,0,0,"Icebitten Axe","Deals additional ice damage with a potency of 240 after each auto-attack.
Additional damage is affected by magic damage increase effects of other beast gear, items, and abilities.
When carrying multiple pieces of beast gear that influence auto-attacks, only one will take effect.","Adds ice damage to auto-attacks."
40,1,243040,168,"thunderstruck axe",0,"thunderstruck axes",0,0,1,0,0,"Thunderstruck Axe","Deals additional lightning damage with a potency of 240 after each auto-attack.
Additional damage is affected by magic damage increase effects of other beast gear, items, and abilities.
When carrying multiple pieces of beast gear that influence auto-attacks, only one will take effect.","Adds lightning damage to auto-attacks."
41,1,243041,168,"earthcrushed axe",0,"earthcrushed axes",0,1,1,0,0,"Earthcrushed Axe","Deals additional earth damage with a potency of 240 after each auto-attack.
Additional damage is affected by magic damage increase effects of other beast gear, items, and abilities.
When carrying multiple pieces of beast gear that influence auto-attacks, only one will take effect.","Adds earth damage to auto-attacks."
42,1,243042,168,"deepdrowned axe",0,"deepdrowned axes",0,0,1,0,0,"Deepdrowned Axe","Deals additional water damage with a potency of 240 after each auto-attack.
Additional damage is affected by magic damage increase effects of other beast gear, items, and abilities.
When carrying multiple pieces of beast gear that influence auto-attacks, only one will take effect.","Adds water damage to auto-attacks."
43,1,243043,168,"windblown axe",0,"windblown axes",0,0,1,0,0,"Windblown Axe","Deals additional wind damage with a potency of 240 after each auto-attack.
Additional damage is affected by magic damage increase effects of other beast gear, items, and abilities.
When carrying multiple pieces of beast gear that influence auto-attacks, only one will take effect.","Adds wind damage to auto-attacks."
44,1,243044,175,"ninja suit",0,"ninja suits",0,0,1,0,0,"Ninja Suit","Maximum HP +17%
Evasion +8%
Grants one stack of <UIForeground>F201FA</UIForeground><UIGlow>F201FB</UIGlow>Haste<UIGlow>01</UIGlow><UIForeground>01</UIForeground> for each attack evaded.
<UIForeground>F2023B</UIForeground><UIGlow>F2023C</UIGlow>Haste Effect:<UIGlow>01</UIGlow><UIForeground>01</UIForeground> Reduces weaponskill cast time and recast time, spell cast time and recast time, and auto-attack delay by 2%
<UIForeground>F2023B</UIForeground><UIGlow>F2023C</UIGlow>Duration:<UIGlow>01</UIGlow><UIForeground>01</UIForeground> 60s
<UIForeground>F2023B</UIForeground><UIGlow>F2023C</UIGlow>Maximum Stacks:<UIGlow>01</UIGlow><UIForeground>01</UIForeground> 5","Increases maximum HP and evasion. Grants Haste upon dodging."
45,1,243045,63,"pair of ninja gloves",0,"pairs of ninja gloves",0,0,1,0,0,"Ninja Gloves","<UIForeground>F201FA</UIForeground><UIGlow>F201FB</UIGlow>Haste<UIGlow>01</UIGlow><UIForeground>01</UIForeground> +2%
Physical Damage Dealt +3%","Grants Haste. Increases physical damage dealt."
46,1,243046,91,"ninja eyepatch",0,"ninja eyepatches",0,0,1,0,0,"Ninja Eyepatch","<UIForeground>F201FA</UIForeground><UIGlow>F201FB</UIGlow>Haste<UIGlow>01</UIGlow><UIForeground>01</UIForeground> +5%
Critical Hit Rate +5%","Grants Haste. Increases critical hit rate."
47,1,243047,224,"wind shield",0,"wind shields",0,0,1,0,0,"Wind Shield","30% chance to absorb wind damage as HP.
50% chance to grant <UIForeground>F201FA</UIForeground><UIGlow>F201FB</UIGlow>Blink<UIGlow>01</UIGlow><UIForeground>01</UIForeground> upon blocking with shield.
<UIForeground>F2023B</UIForeground><UIGlow>F2023C</UIGlow>Blink Effect:<UIGlow>01</UIGlow><UIForeground>01</UIForeground> Nullifies most physical attacks, reducing one stack per nullification
<UIForeground>F2023B</UIForeground><UIGlow>F2023C</UIGlow>Duration:<UIGlow>01</UIGlow><UIForeground>01</UIForeground> 120s","May absorb wind damage. May grant Blink upon shield block."
48,1,243048,154,"wind mask",0,"wind masks",0,0,1,0,0,"Wind Mask","Magic Vulnerability -10%
Increases HP recovery via actions and crucible items by 15%.
Grants <UIForeground>F201FA</UIForeground><UIGlow>F201FB</UIGlow>Keen Edge<UIGlow>01</UIGlow><UIForeground>01</UIForeground> upon evading an attack.
<UIForeground>F2023B</UIForeground><UIGlow>F2023C</UIGlow>Keen Edge Effect:<UIGlow>01</UIGlow><UIForeground>01</UIForeground> Inflicts damage over time on self in exchange for increasing damage dealt by 30%
<UIForeground>F2023B</UIForeground><UIGlow>F2023C</UIGlow>Duration:<UIGlow>01</UIGlow><UIForeground>01</UIForeground> 21s","Reduces magic damage taken. Increases HP recovery. Grants Keen Edge upon dodging."
49,1,243049,264,"suit of wind armor",0,"suits of wind armor",0,0,1,0,0,"Wind Armor","Damage Taken -15%
Magic Damage Dealt +20%
Increases HP recovery via actions and crucible items by 30%.","Reduces damage taken. Increases magic damage dealt and HP recovery."
50,1,243050,268,"heavy axe",0,"heavy axes",0,0,1,0,0,"Heavy Axe","Damage Dealt +25%
Movement Speed -20%","Increases damage dealt. Reduces movement speed."
51,1,243051,172,"suit of mythril armor",0,"suits of mythril armor",0,0,1,0,0,"Mythril Armor","Damage Taken -15%
Maximum HP +15%","Reduces damage taken. Increases maximum HP."
52,1,243052,113,"pair of mythril gloves",0,"pairs of mythril gloves",0,0,1,0,0,"Mythril Gloves","Damage Taken -5%
Physical Damage Dealt +5%
Maximum HP +5%","Reduces damage taken. Increases physical damage dealt and maximum HP."
53,1,243053,85,"pair of mythril greaves",0,"pairs of mythril greaves",0,0,1,0,0,"Mythril Greaves","Damage Taken -10%
Maximum HP +5%","Reduces damage taken. Increases maximum HP."
54,1,243054,126,"beast mask",0,"beast masks",0,0,1,0,0,"Beast Mask","Physical Vulnerability -10%
Critical Hit Rate +15%","Reduces physical damage taken. Increases critical hit rate."
55,1,243055,87,"beastly knife",0,"beastly knives",0,0,1,0,0,"Beastly Knife","Critical Hit Rate +8%
25% chance to grant one stack of <UIForeground>F201FA</UIForeground><UIGlow>F201FB</UIGlow>Damage Up<UIGlow>01</UIGlow><UIForeground>01</UIForeground> upon landing a critical hit.
<UIForeground>F2023B</UIForeground><UIGlow>F2023C</UIGlow>Damage Up Effect:<UIGlow>01</UIGlow><UIForeground>01</UIForeground> Increases damage dealt by 3%
<UIForeground>F2023B</UIForeground><UIGlow>F2023C</UIGlow>Duration:<UIGlow>01</UIGlow><UIForeground>01</UIForeground> 30s
<UIForeground>F2023B</UIForeground><UIGlow>F2023C</UIGlow>Maximum Stacks:<UIGlow>01</UIGlow><UIForeground>01</UIForeground> 8","Increases critical hit rate. May increase damage dealt upon critical hit."
56,1,243056,84,"beast earring",0,"beast earrings",0,0,1,0,0,"Beast Earring","Critical Hit Rate +15%
Maximum HP +2%","Increases critical hit rate and maximum HP."
57,1,243057,200,"thief's knife",0,"thief's knives",0,0,1,0,0,"Thief's Knife","<UIForeground>F201FA</UIForeground><UIGlow>F201FB</UIGlow>Haste<UIGlow>01</UIGlow><UIForeground>01</UIForeground> +1%
Grants two items on treasure spaces.","Grants Haste and two items on treasure spaces."
58,1,243058,172,"set of thief's garb",0,"sets of thief's garb",0,0,1,0,0,"Thief's Garb","Loot Drop Rate +80%
Damage Taken -8%
Maximum HP +18%","Increases loot drop rate and maximum HP. Reduces damage taken."
59,1,243059,50,"pair of thief's gloves",0,"pairs of thief's gloves",0,0,1,0,0,"Thief's Gloves","Loot Drop Rate +70%
<UIForeground>F201FA</UIForeground><UIGlow>F201FB</UIGlow>Haste<UIGlow>01</UIGlow><UIForeground>01</UIForeground> +2%","Increases loot drop rate. Grants Haste."
60,1,243060,30,"pair of thief's boots",0,"pairs of thief's boots",0,0,1,0,0,"Thief's Boots","Loot Drop Rate +40%
Evasion +2%","Increases loot drop rate and evasion."
61,1,243061,315,"thunder axe",0,"thunder axes",0,0,1,0,0,"Thunder Axe","Damage Dealt +30%
5% chance to inflict <UIForeground>F201FA</UIForeground><UIGlow>F201FB</UIGlow>Stun<UIGlow>01</UIGlow><UIForeground>01</UIForeground> on self upon suffering damage.
<UIForeground>F2023B</UIForeground><UIGlow>F2023C</UIGlow>Duration:<UIGlow>01</UIGlow><UIForeground>01</UIForeground> 3s","Increases damage dealt. May inflict Stun on self upon suffering damage."
62,1,243062,161,"suit of thunder armor",0,"suits of thunder armor",0,0,1,0,0,"Thunder Armor","30% chance to absorb lightning damage as HP.
5% chance of granting one stack of <UIForeground>F201FA</UIForeground><UIGlow>F201FB</UIGlow>High Wire<UIGlow>01</UIGlow><UIForeground>01</UIForeground> upon landing a critical hit.
<UIForeground>F2023B</UIForeground><UIGlow>F2023C</UIGlow>High Wire Effect:<UIGlow>01</UIGlow><UIForeground>01</UIForeground> Increases damage dealt by 10% and reduces damage taken by 5%
<UIForeground>F2023B</UIForeground><UIGlow>F2023C</UIGlow>Duration:<UIGlow>01</UIGlow><UIForeground>01</UIForeground> 180s
<UIForeground>F2023B</UIForeground><UIGlow>F2023C</UIGlow>Maximum Stacks:<UIGlow>01</UIGlow><UIForeground>01</UIForeground> 4","May absorb lightning damage. May grant High Wire upon critical hit."
63,1,243063,84,"warded shield",0,"warded shields",0,0,1,0,0,"Warded Shield","Grants one stack of <UIForeground>F201FA</UIForeground><UIGlow>F201FB</UIGlow>Magic Vulnerability Down<UIGlow>01</UIGlow><UIForeground>01</UIForeground> upon blocking with shield.
<UIForeground>F2023B</UIForeground><UIGlow>F2023C</UIGlow>Magic Vulnerability Down Effect:<UIGlow>01</UIGlow><UIForeground>01</UIForeground> Reduces magic damage taken by 5%
<UIForeground>F2023B</UIForeground><UIGlow>F2023C</UIGlow>Duration:<UIGlow>01</UIGlow><UIForeground>01</UIForeground> 60s
<UIForeground>F2023B</UIForeground><UIGlow>F2023C</UIGlow>Maximum Stacks:<UIGlow>01</UIGlow><UIForeground>01</UIForeground> 8","Reduces magic damage taken upon shield block."
64,1,243064,113,"gold hairpin",0,"gold hairpins",0,0,1,0,0,"Gold Hairpin","<UIForeground>F201FA</UIForeground><UIGlow>F201FB</UIGlow>Rapid Recast<UIGlow>01</UIGlow><UIForeground>01</UIForeground> +10%
25% chance to recover TP upon completing a combo with a beastmaster instinctual skill.","Grants Rapid Recast. May recover TP upon familiar combo."
65,1,243065,262,"flame knife",0,"flame knives",0,0,1,0,0,"Flame Knife","Damage Dealt +25%
<UIForeground>F201FA</UIForeground><UIGlow>F201FB</UIGlow>Haste<UIGlow>01</UIGlow><UIForeground>01</UIForeground> +5%
10% chance to inflict <UIForeground>F201FA</UIForeground><UIGlow>F201FB</UIGlow>Chains of Condemnation<UIGlow>01</UIGlow><UIForeground>01</UIForeground> on self upon landing a critical hit.
<UIForeground>F2023B</UIForeground><UIGlow>F2023C</UIGlow>Chains of Condemnation Effect:<UIGlow>01</UIGlow><UIForeground>01</UIForeground> Suffers magic damage upon moving
<UIForeground>F2023B</UIForeground><UIGlow>F2023C</UIGlow>Duration:<UIGlow>01</UIGlow><UIForeground>01</UIForeground> 9s","Increases damage dealt. Grants Haste. May inflict Chains of Condemnation on self upon critical hit."
66,1,243066,116,"flame shield",0,"flame shields",0,0,1,0,0,"Flame Shield","Block Strength +50%
Damage Dealt +3%
30% chance to absorb fire damage as HP.","Increases block strength and damage dealt. May absorb fire damage."
67,1,243067,24,"merchant's cap",0,"merchant's caps",0,0,1,0,0,"Merchant's Cap","Territory Tokens Earned +25%
Critical Hit Rate -10%
Damage Dealt +5%","Increases territory tokens earned and damage dealt. Reduces critical hit rate."
68,1,243068,52,"set of merchant's garb",0,"sets of merchant's garb",0,0,1,0,0,"Merchant's Garb","Territory Tokens Earned +25%
Physical Vulnerability -10%","Increases territory tokens earned. Reduces physical damage taken."
69,1,243069,101,"pair of merchant's shoes",0,"pairs of merchant's shoes",0,0,1,0,0,"Merchant's Shoes","Territory Tokens Earned +25%
Evasion +4%
Maximum HP +12%","Increases territory tokens earned, evasion, and maximum HP."
70,1,243070,113,"spirited ring",0,"spirited rings",0,0,1,0,0,"Spirited Ring","Maximum HP +3%
TP Accumulation +25%","Increases TP accumulation and maximum HP."
71,1,243071,264,"demonic helm",0,"demonic helms",0,0,1,0,0,"Demonic Helm","Damage Dealt +20%
TP Accumulation +20%
1% chance to inflict <UIForeground>F201FA</UIForeground><UIGlow>F201FB</UIGlow>Doom<UIGlow>01</UIGlow><UIForeground>01</UIForeground> on self upon suffering damage.
<UIForeground>F2023B</UIForeground><UIGlow>F2023C</UIGlow>Duration:<UIGlow>01</UIGlow><UIForeground>01</UIForeground> 2s","Increases damage dealt and TP accumulation. May inflict Doom on self upon suffering damage."
72,1,243072,170,"suit of demonic armor",0,"suits of demonic armor",0,0,1,0,0,"Demonic Armor","Maximum HP +5%
TP Accumulation +5%
Grants one stack of <UIForeground>F201FA</UIForeground><UIGlow>F201FB</UIGlow>High Wire<UIGlow>01</UIGlow><UIForeground>01</UIForeground> upon defeating an enemy.
<UIForeground>F2023B</UIForeground><UIGlow>F2023C</UIGlow>High Wire Effect:<UIGlow>01</UIGlow><UIForeground>01</UIForeground> Increases damage dealt by 10% and reduces damage taken by 5%
<UIForeground>F2023B</UIForeground><UIGlow>F2023C</UIGlow>Duration:<UIGlow>01</UIGlow><UIForeground>01</UIForeground> 180s
<UIForeground>F2023B</UIForeground><UIGlow>F2023C</UIGlow>Maximum Stacks:<UIGlow>01</UIGlow><UIForeground>01</UIForeground> 4","Increases maximum HP and TP accumulation. Grants High Wire upon defeating enemies."
73,1,243073,129,"empress hairpin",0,"empress hairpins",0,1,1,0,0,"Empress Hairpin","Evasion +10%
Maximum HP -8%
2% chance to grant one stack of <UIForeground>F201FA</UIForeground><UIGlow>F201FB</UIGlow>Rehabilitation<UIGlow>01</UIGlow><UIForeground>01</UIForeground> upon landing a critical hit.
<UIForeground>F2023B</UIForeground><UIGlow>F2023C</UIGlow>Rehabilitation Effect:<UIGlow>01</UIGlow><UIForeground>01</UIForeground> Restores 3% of maximum HP at regular intervals
<UIForeground>F2023B</UIForeground><UIGlow>F2023C</UIGlow>Duration:<UIGlow>01</UIGlow><UIForeground>01</UIForeground> 12s
<UIForeground>F2023B</UIForeground><UIGlow>F2023C</UIGlow>Maximum Stacks:<UIGlow>01</UIGlow><UIForeground>01</UIForeground> 8","Increases evasion. Reduces maximum HP. May recover HP upon critical hit."
74,1,243074,76,"haste belt",0,"haste belts",0,0,1,0,0,"Haste Belt","<UIForeground>F201FA</UIForeground><UIGlow>F201FB</UIGlow>Haste<UIGlow>01</UIGlow><UIForeground>01</UIForeground> +6%","Grants Haste."
75,1,243075,64,"warrior's buckler",0,"warrior's bucklers",0,0,1,0,0,"Warrior's Buckler","Block Strength +100%
Physical Vulnerability -5%
Maximum HP +2%","Increases block strength and maximum HP. Reduces physical damage taken."
76,2,243136,32,"G1 beast potion",0,"G1 beast potions",0,0,1,0,0,"G1 Beast Potion","Restores 10% of HP to self or familiar.",""
77,2,243137,72,"G2 beast potion",0,"G2 beast potions",0,0,1,0,0,"G2 Beast Potion","Restores 23% of HP to self or familiar.",""
78,2,243138,113,"G3 beast potion",0,"G3 beast potions",0,0,1,0,0,"G3 Beast Potion","Restores 36% of HP to self or familiar.",""
79,2,243139,158,"G4 beast potion",0,"G4 beast potions",0,0,1,0,0,"G4 Beast Potion","Restores 50% of HP to self or familiar.",""
80,2,243140,63,"pinch of G1 crucible ash",0,"pinches of G1 crucible ash",0,0,1,0,0,"G1 Crucible Ash","Restores 10% of HP to self and nearby allies.",""
81,2,243141,158,"pinch of G2 crucible ash",0,"pinches of G2 crucible ash",0,0,1,0,0,"G2 Crucible Ash","Restores 25% of HP to self and nearby allies.",""
82,2,243142,252,"pinch of G3 crucible ash",0,"pinches of G3 crucible ash",0,0,1,0,0,"G3 Crucible Ash","Restores 40% of HP to self and nearby allies.",""
83,2,243143,32,"bottle of crucible antidote",0,"bottles of crucible antidote",0,0,1,0,0,"Crucible Antidote","Instantly cures most instances of poison for self or familiar, restoring 25% of maximum HP upon success.
※Can only be used on Crucible battlegrounds.",""
84,2,243144,32,"crucible needle",0,"crucible needles",0,0,1,0,0,"Crucible Needle","Instantly cures most instances of petrification for familiar, restoring 50% of maximum HP upon success. Additionally grants <UIForeground>F201FA</UIForeground><UIGlow>F201FB</UIGlow>Stoneskin<UIGlow>01</UIGlow><UIForeground>01</UIForeground>.
<UIForeground>F2023B</UIForeground><UIGlow>F2023C</UIGlow>Stoneskin Effect:<UIGlow>01</UIGlow><UIForeground>01</UIForeground> Absorbs damage totaling 50% of maximum HP
<UIForeground>F2023B</UIForeground><UIGlow>F2023C</UIGlow>Duration:<UIGlow>01</UIGlow><UIForeground>01</UIForeground> 60s
※Can only be used on Crucible battlegrounds.",""
85,2,243145,32,"bottle of crucible eye drops",0,"bottles of crucible eye drops",0,0,1,0,0,"Crucible Eye Drops","Instantly cures most instances of blindness for self or familiar, restoring 25% of maximum HP upon success.
※Can only be used on Crucible battlegrounds.",""
86,2,243146,32,"phial of G1 antipoison soul serum",0,"phials of G1 antipoison soul serum",0,0,1,0,0,"G1 Antipoison Soul Serum","Increases poison resistance by 100% for self or familiar.
<UIForeground>F2023B</UIForeground><UIGlow>F2023C</UIGlow>Duration:<UIGlow>01</UIGlow><UIForeground>01</UIForeground> 180s
<UIForeground>F2023B</UIForeground><UIGlow>F2023C</UIGlow>Additional Effect:<UIGlow>01</UIGlow><UIForeground>01</UIForeground> When carrying a crimson ribbon, restores 50% of target's total HP
※Can only be used on Crucible battlegrounds.",""
87,2,243147,50,"phial of G2 antipoison soul serum",0,"phials of G2 antipoison soul serum",0,0,1,0,0,"G2 Antipoison Soul Serum","Increases poison resistance by 100% for self and nearby allies.
<UIForeground>F2023B</UIForeground><UIGlow>F2023C</UIGlow>Duration:<UIGlow>01</UIGlow><UIForeground>01</UIForeground> 300s
<UIForeground>F2023B</UIForeground><UIGlow>F2023C</UIGlow>Additional Effect:<UIGlow>01</UIGlow><UIForeground>01</UIForeground> When carrying a crimson ribbon, restores 50% of target's total HP
※Can only be used on Crucible battlegrounds.",""
88,2,243148,32,"phial of G1 antiparalysis soul serum",0,"phials of G1 antiparalysis soul serum",0,0,1,0,0,"G1 Antiparalysis Soul Serum","Increases paralysis resistance by 100% for self or familiar.
<UIForeground>F2023B</UIForeground><UIGlow>F2023C</UIGlow>Duration:<UIGlow>01</UIGlow><UIForeground>01</UIForeground> 180s
<UIForeground>F2023B</UIForeground><UIGlow>F2023C</UIGlow>Additional Effect:<UIGlow>01</UIGlow><UIForeground>01</UIForeground> When carrying a crimson ribbon, restores 50% of target's total HP
※Can only be used on Crucible battlegrounds.",""
89,2,243149,50,"phial of G2 antiparalysis soul serum",0,"phials of G2 antiparalysis soul serum",0,0,1,0,0,"G2 Antiparalysis Soul Serum","Increases paralysis resistance by 100% for self and nearby allies.
<UIForeground>F2023B</UIForeground><UIGlow>F2023C</UIGlow>Duration:<UIGlow>01</UIGlow><UIForeground>01</UIForeground> 300s
<UIForeground>F2023B</UIForeground><UIGlow>F2023C</UIGlow>Additional Effect:<UIGlow>01</UIGlow><UIForeground>01</UIForeground> When carrying a crimson ribbon, restores 50% of target's total HP
※Can only be used on Crucible battlegrounds.",""
90,2,243150,32,"phial of G1 antiblind soul serum",0,"phials of G1 antiblind soul serum",0,0,1,0,0,"G1 Antiblind Soul Serum","Increases blind resistance by 100% for self or familiar.
<UIForeground>F2023B</UIForeground><UIGlow>F2023C</UIGlow>Duration:<UIGlow>01</UIGlow><UIForeground>01</UIForeground> 180s
<UIForeground>F2023B</UIForeground><UIGlow>F2023C</UIGlow>Additional Effect:<UIGlow>01</UIGlow><UIForeground>01</UIForeground> When carrying a crimson ribbon, restores 50% of target's total HP
※Can only be used on Crucible battlegrounds.",""
91,2,243151,50,"phial of G2 antiblind soul serum",0,"phials of G2 antiblind soul serum",0,0,1,0,0,"G2 Antiblind Soul Serum","Increases blind resistance by 100% for self and nearby allies.
<UIForeground>F2023B</UIForeground><UIGlow>F2023C</UIGlow>Duration:<UIGlow>01</UIGlow><UIForeground>01</UIForeground> 300s
<UIForeground>F2023B</UIForeground><UIGlow>F2023C</UIGlow>Additional Effect:<UIGlow>01</UIGlow><UIForeground>01</UIForeground> When carrying a crimson ribbon, restores 50% of target's total HP
※Can only be used on Crucible battlegrounds.",""
92,2,243152,32,"phial of G1 antipetrification soul serum",0,"phials of G1 antipetrification soul serum",0,0,1,0,0,"G1 Antipetrification Soul Serum","Increases petrification resistance by 100% for self or familiar.
<UIForeground>F2023B</UIForeground><UIGlow>F2023C</UIGlow>Duration:<UIGlow>01</UIGlow><UIForeground>01</UIForeground> 180s
<UIForeground>F2023B</UIForeground><UIGlow>F2023C</UIGlow>Additional Effect:<UIGlow>01</UIGlow><UIForeground>01</UIForeground> When carrying a crimson ribbon, restores 50% of target's total HP
※Can only be used on Crucible battlegrounds.",""
93,2,243153,50,"phial of G2 antipetrification soul serum",0,"phials of G2 antipetrification soul serum",0,0,1,0,0,"G2 Antipetrification Soul Serum","Increases petrification resistance by 100% for self and nearby allies.
<UIForeground>F2023B</UIForeground><UIGlow>F2023C</UIGlow>Duration:<UIGlow>01</UIGlow><UIForeground>01</UIForeground> 300s
<UIForeground>F2023B</UIForeground><UIGlow>F2023C</UIGlow>Additional Effect:<UIGlow>01</UIGlow><UIForeground>01</UIForeground> When carrying a crimson ribbon, restores 50% of target's total HP
※Can only be used on Crucible battlegrounds.",""
94,2,243154,32,"phial of G1 antisleep soul serum",0,"phials of G1 antisleep soul serum",0,0,1,0,0,"G1 Antisleep Soul Serum","Increases sleep resistance by 100% for self or familiar.
<UIForeground>F2023B</UIForeground><UIGlow>F2023C</UIGlow>Duration:<UIGlow>01</UIGlow><UIForeground>01</UIForeground> 180s
<UIForeground>F2023B</UIForeground><UIGlow>F2023C</UIGlow>Additional Effect:<UIGlow>01</UIGlow><UIForeground>01</UIForeground> When carrying a crimson ribbon, restores 50% of target's total HP
※Can only be used on Crucible battlegrounds.",""
95,2,243155,50,"phial of G2 antisleep soul serum",0,"phials of G2 antisleep soul serum",0,0,1,0,0,"G2 Antisleep Soul Serum","Increases sleep resistance by 100% for self and nearby allies.
<UIForeground>F2023B</UIForeground><UIGlow>F2023C</UIGlow>Duration:<UIGlow>01</UIGlow><UIForeground>01</UIForeground> 300s
<UIForeground>F2023B</UIForeground><UIGlow>F2023C</UIGlow>Additional Effect:<UIGlow>01</UIGlow><UIForeground>01</UIForeground> When carrying a crimson ribbon, restores 50% of target's total HP
※Can only be used on Crucible battlegrounds.",""
96,2,243156,135,"blessed horn",0,"blessed horns",0,0,1,0,0,"Blessed Horn","Revives an incapacitated familiar.
※Can only be used while traversing a Crucible board.",""
97,2,243157,85,"beastly smokebomb",0,"beastly smokebombs",0,0,1,0,0,"Beastly Smokebomb","Creates a distraction, allowing escape from battle. Ineffective against elite enemies and bosses.
Use by selecting “Flee” upon an enemy space.",""
98,2,243158,221,"G1 beastmaster reraiser",0,"G1 beastmaster reraisers",0,0,1,0,0,"G1 Beastmaster Reraiser","Grants <UIForeground>F201FA</UIForeground><UIGlow>F201FB</UIGlow>Reraise<UIGlow>01</UIGlow><UIForeground>01</UIForeground> to self.
<UIForeground>F2023B</UIForeground><UIGlow>F2023C</UIGlow>Reraise Effect:<UIGlow>01</UIGlow><UIForeground>01</UIForeground> 70% chance of automatic revival upon KO",""
99,2,243159,299,"G2 beastmaster reraiser",0,"G2 beastmaster reraisers",0,0,1,0,0,"G2 Beastmaster Reraiser","Grants <UIForeground>F201FA</UIForeground><UIGlow>F201FB</UIGlow>Reraise<UIGlow>01</UIGlow><UIForeground>01</UIForeground> to self.
<UIForeground>F2023B</UIForeground><UIGlow>F2023C</UIGlow>Reraise Effect:<UIGlow>01</UIGlow><UIForeground>01</UIForeground> 95% chance of automatic revival upon KO",""
100,2,243160,32,"thief's eye",0,"thief's eyes",0,0,1,0,0,"Thief's Eye","Triples the loot drop rate for the next enemy space cleared.
<UIForeground>F2023B</UIForeground><UIGlow>F2023C</UIGlow>Duration:<UIGlow>01</UIGlow><UIForeground>01</UIForeground> 30m
※Can only be used on Crucible battlegrounds.",""
101,2,243161,23,"merchant's eye",0,"merchant's eyes",0,0,1,0,0,"Merchant's Eye","Doubles the territory tokens earned for the next enemy space cleared.
<UIForeground>F2023B</UIForeground><UIGlow>F2023C</UIGlow>Duration:<UIGlow>01</UIGlow><UIForeground>01</UIForeground> 30m
※Can only be used on Crucible battlegrounds.",""
102,2,243162,47,"phial of crucible tannin",0,"phials of crucible tannin",0,0,1,0,0,"Crucible Tannin","Grants <UIForeground>F201FA</UIForeground><UIGlow>F201FB</UIGlow>Tough Skin<UIGlow>01</UIGlow><UIForeground>01</UIForeground> to self or familiar.
<UIForeground>F2023B</UIForeground><UIGlow>F2023C</UIGlow>Tough Skin Effect:<UIGlow>01</UIGlow><UIForeground>01</UIForeground> Reduces damage taken by 20%
<UIForeground>F2023B</UIForeground><UIGlow>F2023C</UIGlow>Duration:<UIGlow>01</UIGlow><UIForeground>01</UIForeground> 60s
<UIForeground>F2023B</UIForeground><UIGlow>F2023C</UIGlow>Additional Effect:<UIGlow>01</UIGlow><UIForeground>01</UIForeground> When carrying an ice shield, duration increases to 90s
※Can only be used on Crucible battlegrounds.",""
103,2,243163,43,"phial of crucible stimulant",0,"phials of crucible stimulant",0,0,1,0,0,"Crucible Stimulant","Grants <UIForeground>F201FA</UIForeground><UIGlow>F201FB</UIGlow>Hasty Spirit<UIGlow>01</UIGlow><UIForeground>01</UIForeground> to self or familiar.
<UIForeground>F2023B</UIForeground><UIGlow>F2023C</UIGlow>Hasty Spirit Effect:<UIGlow>01</UIGlow><UIForeground>01</UIForeground> Reduces weaponskill cast time and recast time, spell cast time and recast time, and auto-attack delay by 15%
<UIForeground>F2023B</UIForeground><UIGlow>F2023C</UIGlow>Duration:<UIGlow>01</UIGlow><UIForeground>01</UIForeground> 60s
<UIForeground>F2023B</UIForeground><UIGlow>F2023C</UIGlow>Additional Effect:<UIGlow>01</UIGlow><UIForeground>01</UIForeground> When carrying thief's gloves, duration increases to 90s
※Can only be used on Crucible battlegrounds.",""
104,2,243164,36,"potion of tempered strength",0,"potions of tempered strength",0,0,1,0,0,"Potion of Tempered Strength","Grants <UIForeground>F201FA</UIForeground><UIGlow>F201FB</UIGlow>Liquid Strength<UIGlow>01</UIGlow><UIForeground>01</UIForeground> to self or familiar.
<UIForeground>F2023B</UIForeground><UIGlow>F2023C</UIGlow>Liquid Strength Effect:<UIGlow>01</UIGlow><UIForeground>01</UIForeground> Increases physical damage dealt by 30%
<UIForeground>F2023B</UIForeground><UIGlow>F2023C</UIGlow>Duration:<UIGlow>01</UIGlow><UIForeground>01</UIForeground> 15s
※Can only be used on Crucible battlegrounds.",""
105,2,243165,88,"potion of feral strength",0,"potions of feral strength",0,0,1,0,0,"Potion of Feral Strength","Inflicts <UIForeground>F201FA</UIForeground><UIGlow>F201FB</UIGlow>Stun<UIGlow>01</UIGlow><UIForeground>01</UIForeground> while also granting <UIForeground>F201FA</UIForeground><UIGlow>F201FB</UIGlow>Liquid Strength<UIGlow>01</UIGlow><UIForeground>01</UIForeground> to self or familiar.
<UIForeground>F2023B</UIForeground><UIGlow>F2023C</UIGlow>Stun Duration:<UIGlow>01</UIGlow><UIForeground>01</UIForeground> 15s
<UIForeground>F2023B</UIForeground><UIGlow>F2023C</UIGlow>Liquid Strength Effect:<UIGlow>01</UIGlow><UIForeground>01</UIForeground> Increases physical damage dealt by 45%
<UIForeground>F2023B</UIForeground><UIGlow>F2023C</UIGlow>Duration:<UIGlow>01</UIGlow><UIForeground>01</UIForeground> 30s
※Can only be used on Crucible battlegrounds.",""
106,2,243166,23,"potion of tempered magic",0,"potions of tempered magic",0,0,1,0,0,"Potion of Tempered Magic","Grants <UIForeground>F201FA</UIForeground><UIGlow>F201FB</UIGlow>Liquid Magic<UIGlow>01</UIGlow><UIForeground>01</UIForeground> to self or familiar.
<UIForeground>F2023B</UIForeground><UIGlow>F2023C</UIGlow>Liquid Magic Effect:<UIGlow>01</UIGlow><UIForeground>01</UIForeground> Increases magic damage dealt by 30%
<UIForeground>F2023B</UIForeground><UIGlow>F2023C</UIGlow>Duration:<UIGlow>01</UIGlow><UIForeground>01</UIForeground> 15s
※Can only be used on Crucible battlegrounds.",""
107,2,243167,50,"potion of feral magic",0,"potions of feral magic",0,0,1,0,0,"Potion of Feral Magic","Inflicts <UIForeground>F201FA</UIForeground><UIGlow>F201FB</UIGlow>Nightmare<UIGlow>01</UIGlow><UIForeground>01</UIForeground> while also granting <UIForeground>F201FA</UIForeground><UIGlow>F201FB</UIGlow>Liquid Magic<UIGlow>01</UIGlow><UIForeground>01</UIForeground> to self or familiar.
<UIForeground>F2023B</UIForeground><UIGlow>F2023C</UIGlow>Nightmare Duration:<UIGlow>01</UIGlow><UIForeground>01</UIForeground> 30s
<UIForeground>F2023B</UIForeground><UIGlow>F2023C</UIGlow>Liquid Magic Effect:<UIGlow>01</UIGlow><UIForeground>01</UIForeground> Increases magic damage dealt by 50%
<UIForeground>F2023B</UIForeground><UIGlow>F2023C</UIGlow>Duration:<UIGlow>01</UIGlow><UIForeground>01</UIForeground> 30s
※Can only be used on Crucible battlegrounds.",""
108,2,243168,20,"potion of tempered intensity",0,"potions of tempered intensity",0,0,1,0,0,"Potion of Tempered Intensity","Grants <UIForeground>F201FA</UIForeground><UIGlow>F201FB</UIGlow>Liquid Intensity<UIGlow>01</UIGlow><UIForeground>01</UIForeground> to self or familiar.
<UIForeground>F2023B</UIForeground><UIGlow>F2023C</UIGlow>Liquid Intensity Effect:<UIGlow>01</UIGlow><UIForeground>01</UIForeground> Increases critical hit rate by 30%
<UIForeground>F2023B</UIForeground><UIGlow>F2023C</UIGlow>Duration:<UIGlow>01</UIGlow><UIForeground>01</UIForeground> 30s
<UIForeground>F2023B</UIForeground><UIGlow>F2023C</UIGlow>Additional Effect:<UIGlow>01</UIGlow><UIForeground>01</UIForeground> When carrying silver specs, duration increases to 60s
※Can only be used on Crucible battlegrounds.",""
109,2,243169,36,"potion of feral intensity",0,"potions of feral intensity",0,0,1,0,0,"Potion of Feral Intensity","Inflicts <UIForeground>F201FA</UIForeground><UIGlow>F201FB</UIGlow>Petrification<UIGlow>01</UIGlow><UIForeground>01</UIForeground> while also granting <UIForeground>F201FA</UIForeground><UIGlow>F201FB</UIGlow>Liquid Intensity<UIGlow>01</UIGlow><UIForeground>01</UIForeground> to self or familiar.
<UIForeground>F2023B</UIForeground><UIGlow>F2023C</UIGlow>Petrification Duration:<UIGlow>01</UIGlow><UIForeground>01</UIForeground> 15s
<UIForeground>F2023B</UIForeground><UIGlow>F2023C</UIGlow>Liquid Intensity Effect:<UIGlow>01</UIGlow><UIForeground>01</UIForeground> Increases critical hit rate by 50%
<UIForeground>F2023B</UIForeground><UIGlow>F2023C</UIGlow>Duration:<UIGlow>01</UIGlow><UIForeground>01</UIForeground> 30s
<UIForeground>F2023B</UIForeground><UIGlow>F2023C</UIGlow>Additional Effect:<UIGlow>01</UIGlow><UIForeground>01</UIForeground> When carrying silver specs, duration increases to 60s
※Can only be used on Crucible battlegrounds.",""
110,2,243170,21,"potion of tempered evasion",0,"potions of tempered evasion",0,0,1,0,0,"Potion of Tempered Evasion","Grants <UIForeground>F201FA</UIForeground><UIGlow>F201FB</UIGlow>Liquid Evasion<UIGlow>01</UIGlow><UIForeground>01</UIForeground> to self or familiar.
<UIForeground>F2023B</UIForeground><UIGlow>F2023C</UIGlow>Liquid Evasion Effect:<UIGlow>01</UIGlow><UIForeground>01</UIForeground> Increases evasion by 25%
<UIForeground>F2023B</UIForeground><UIGlow>F2023C</UIGlow>Duration:<UIGlow>01</UIGlow><UIForeground>01</UIForeground> 30s
※Can only be used on Crucible battlegrounds.",""
111,2,243171,36,"potion of feral evasion",0,"potions of feral evasion",0,0,1,0,0,"Potion of Feral Evasion","Inflicts <UIForeground>F201FA</UIForeground><UIGlow>F201FB</UIGlow>Blind<UIGlow>01</UIGlow><UIForeground>01</UIForeground> while also granting <UIForeground>F201FA</UIForeground><UIGlow>F201FB</UIGlow>Liquid Evasion<UIGlow>01</UIGlow><UIForeground>01</UIForeground> to self or familiar.
<UIForeground>F2023B</UIForeground><UIGlow>F2023C</UIGlow>Blind Duration:<UIGlow>01</UIGlow><UIForeground>01</UIForeground> 30s
<UIForeground>F2023B</UIForeground><UIGlow>F2023C</UIGlow>Liquid Evasion Effect:<UIGlow>01</UIGlow><UIForeground>01</UIForeground> Increases evasion by 25%
<UIForeground>F2023B</UIForeground><UIGlow>F2023C</UIGlow>Duration:<UIGlow>01</UIGlow><UIForeground>01</UIForeground> 60s
※Can only be used on Crucible battlegrounds.",""
112,2,243172,95,"potion of tempered constitution",0,"potions of tempered constitution",0,0,1,0,0,"Potion of Tempered Constitution","Grants <UIForeground>F201FA</UIForeground><UIGlow>F201FB</UIGlow>Liquid Constitution<UIGlow>01</UIGlow><UIForeground>01</UIForeground> while also restoring 10% of HP to self or familiar.
<UIForeground>F2023B</UIForeground><UIGlow>F2023C</UIGlow>Liquid Constitution Effect:<UIGlow>01</UIGlow><UIForeground>01</UIForeground> Increases maximum HP by 20%
Effect ends upon combat completion.
※Can only be used on Crucible battlegrounds.",""
113,2,243173,140,"potion of feral constitution",0,"potions of feral constitution",0,0,1,0,0,"Potion of Feral Constitution","Inflicts <UIForeground>F201FA</UIForeground><UIGlow>F201FB</UIGlow>Pollen<UIGlow>01</UIGlow><UIForeground>01</UIForeground> while also granting <UIForeground>F201FA</UIForeground><UIGlow>F201FB</UIGlow>Liquid Constitution<UIGlow>01</UIGlow><UIForeground>01</UIForeground> and restoring 10% of HP to self or familiar.
<UIForeground>F2023B</UIForeground><UIGlow>F2023C</UIGlow>Pollen Duration:<UIGlow>01</UIGlow><UIForeground>01</UIForeground> 180s
<UIForeground>F2023B</UIForeground><UIGlow>F2023C</UIGlow>Liquid Constitution Effect:<UIGlow>01</UIGlow><UIForeground>01</UIForeground> Increases maximum HP by 30%
Effect ends upon combat completion.
※Can only be used on Crucible battlegrounds.",""
114,2,243174,225,"potion of breathtaking swiftness",0,"potions of breathtaking swiftness",0,0,1,0,0,"Potion of Breathtaking Swiftness","Grants <UIForeground>F201FA</UIForeground><UIGlow>F201FB</UIGlow>Spirit of the Breathtaker<UIGlow>01</UIGlow><UIForeground>01</UIForeground> to self.
<UIForeground>F2023B</UIForeground><UIGlow>F2023C</UIGlow>Spirit of the Breathtaker Effect:<UIGlow>01</UIGlow><UIForeground>01</UIForeground> Increases movement speed by 20%, evasion by 5%, and poison resistance by 100%
Effect ends upon combat completion.
※Can only be used on Crucible battlegrounds.",""
115,2,243175,43,"crucible feather",0,"crucible feathers",0,0,1,0,0,"Crucible Feather","Grants 100 TP to self or familiar.
<UIForeground>F2023B</UIForeground><UIGlow>F2023C</UIGlow>Additional Effect:<UIGlow>01</UIGlow><UIForeground>01</UIForeground> When carrying a spirited ring, grants 250 TP
※Can only be used on Crucible battlegrounds.",""
116,2,243176,47,"bottle of G1 wildfire weakener",0,"bottles of G1 wildfire weakener",0,0,1,0,0,"G1 Wildfire Weakener","Grants <UIForeground>F201FA</UIForeground><UIGlow>F201FB</UIGlow>Through Fire<UIGlow>01</UIGlow><UIForeground>01</UIForeground> to self and nearby allies.
<UIForeground>F2023B</UIForeground><UIGlow>F2023C</UIGlow>Through Fire Effect:<UIGlow>01</UIGlow><UIForeground>01</UIForeground> 50% chance to absorb fire damage as HP
<UIForeground>F2023B</UIForeground><UIGlow>F2023C</UIGlow>Duration:<UIGlow>01</UIGlow><UIForeground>01</UIForeground> 15s
※Can only be used on Crucible battlegrounds.",""
117,2,243177,95,"bottle of G2 wildfire weakener",0,"bottles of G2 wildfire weakener",0,0,1,0,0,"G2 Wildfire Weakener","Grants <UIForeground>F201FA</UIForeground><UIGlow>F201FB</UIGlow>Through Fire<UIGlow>01</UIGlow><UIForeground>01</UIForeground> to self and nearby allies.
<UIForeground>F2023B</UIForeground><UIGlow>F2023C</UIGlow>Through Fire Effect:<UIGlow>01</UIGlow><UIForeground>01</UIForeground> 70% chance to absorb fire damage as HP
<UIForeground>F2023B</UIForeground><UIGlow>F2023C</UIGlow>Duration:<UIGlow>01</UIGlow><UIForeground>01</UIForeground> 15s
※Can only be used on Crucible battlegrounds.",""
118,2,243178,47,"bottle of G1 wildwave weakener",0,"bottles of G1 wildwave weakener",0,0,1,0,0,"G1 Wildwave Weakener","Grants <UIForeground>F201FA</UIForeground><UIGlow>F201FB</UIGlow>Through Water<UIGlow>01</UIGlow><UIForeground>01</UIForeground> to self and nearby allies.
<UIForeground>F2023B</UIForeground><UIGlow>F2023C</UIGlow>Through Water Effect:<UIGlow>01</UIGlow><UIForeground>01</UIForeground> 50% chance to absorb water damage as HP
<UIForeground>F2023B</UIForeground><UIGlow>F2023C</UIGlow>Duration:<UIGlow>01</UIGlow><UIForeground>01</UIForeground> 15s
※Can only be used on Crucible battlegrounds.",""
119,2,243179,95,"bottle of G2 wildwave weakener",0,"bottles of G2 wildwave weakener",0,0,1,0,0,"G2 Wildwave Weakener","Grants <UIForeground>F201FA</UIForeground><UIGlow>F201FB</UIGlow>Through Water<UIGlow>01</UIGlow><UIForeground>01</UIForeground> to self and nearby allies.
<UIForeground>F2023B</UIForeground><UIGlow>F2023C</UIGlow>Through Water Effect:<UIGlow>01</UIGlow><UIForeground>01</UIForeground> 70% chance to absorb water damage as HP
<UIForeground>F2023B</UIForeground><UIGlow>F2023C</UIGlow>Duration:<UIGlow>01</UIGlow><UIForeground>01</UIForeground> 15s
※Can only be used on Crucible battlegrounds.",""
120,2,243180,47,"bottle of G1 wildearth weakener",0,"bottles of G1 wildearth weakener",0,0,1,0,0,"G1 Wildearth Weakener","Grants <UIForeground>F201FA</UIForeground><UIGlow>F201FB</UIGlow>Through Earth<UIGlow>01</UIGlow><UIForeground>01</UIForeground> to self and nearby allies.
<UIForeground>F2023B</UIForeground><UIGlow>F2023C</UIGlow>Through Earth Effect:<UIGlow>01</UIGlow><UIForeground>01</UIForeground> 50% chance to absorb earth damage as HP
<UIForeground>F2023B</UIForeground><UIGlow>F2023C</UIGlow>Duration:<UIGlow>01</UIGlow><UIForeground>01</UIForeground> 15s
※Can only be used on Crucible battlegrounds.",""
121,2,243181,95,"bottle of G2 wildearth weakener",0,"bottles of G2 wildearth weakener",0,0,1,0,0,"G2 Wildearth Weakener","Grants <UIForeground>F201FA</UIForeground><UIGlow>F201FB</UIGlow>Through Earth<UIGlow>01</UIGlow><UIForeground>01</UIForeground> to self and nearby allies.
<UIForeground>F2023B</UIForeground><UIGlow>F2023C</UIGlow>Through Earth Effect:<UIGlow>01</UIGlow><UIForeground>01</UIForeground> 70% chance to absorb earth damage as HP
<UIForeground>F2023B</UIForeground><UIGlow>F2023C</UIGlow>Duration:<UIGlow>01</UIGlow><UIForeground>01</UIForeground> 15s
※Can only be used on Crucible battlegrounds.",""
122,2,243182,47,"bottle of G1 wildthunder weakener",0,"bottles of G1 wildthunder weakener",0,0,1,0,0,"G1 Wildthunder Weakener","Grants <UIForeground>F201FA</UIForeground><UIGlow>F201FB</UIGlow>Through Thunder<UIGlow>01</UIGlow><UIForeground>01</UIForeground> to self and nearby allies.
<UIForeground>F2023B</UIForeground><UIGlow>F2023C</UIGlow>Through Thunder Effect:<UIGlow>01</UIGlow><UIForeground>01</UIForeground> 50% chance to absorb lightning damage as HP
<UIForeground>F2023B</UIForeground><UIGlow>F2023C</UIGlow>Duration:<UIGlow>01</UIGlow><UIForeground>01</UIForeground> 15s
※Can only be used on Crucible battlegrounds.",""
123,2,243183,95,"bottle of G2 wildthunder weakener",0,"bottles of G2 wildthunder weakener",0,0,1,0,0,"G2 Wildthunder Weakener","Grants <UIForeground>F201FA</UIForeground><UIGlow>F201FB</UIGlow>Through Thunder<UIGlow>01</UIGlow><UIForeground>01</UIForeground> to self and nearby allies.
<UIForeground>F2023B</UIForeground><UIGlow>F2023C</UIGlow>Through Thunder Effect:<UIGlow>01</UIGlow><UIForeground>01</UIForeground> 70% chance to absorb lightning damage as HP
<UIForeground>F2023B</UIForeground><UIGlow>F2023C</UIGlow>Duration:<UIGlow>01</UIGlow><UIForeground>01</UIForeground> 15s
※Can only be used on Crucible battlegrounds.",""
124,2,243184,47,"bottle of G1 wildgale weakener",0,"bottles of G1 wildgale weakener",0,0,1,0,0,"G1 Wildgale Weakener","Grants <UIForeground>F201FA</UIForeground><UIGlow>F201FB</UIGlow>Through Wind<UIGlow>01</UIGlow><UIForeground>01</UIForeground> to self and nearby allies.
<UIForeground>F2023B</UIForeground><UIGlow>F2023C</UIGlow>Through Wind Effect:<UIGlow>01</UIGlow><UIForeground>01</UIForeground> 50% chance to absorb wind damage as HP
<UIForeground>F2023B</UIForeground><UIGlow>F2023C</UIGlow>Duration:<UIGlow>01</UIGlow><UIForeground>01</UIForeground> 15s
※Can only be used on Crucible battlegrounds.",""
125,2,243185,95,"bottle of G2 wildgale weakener",0,"bottles of G2 wildgale weakener",0,0,1,0,0,"G2 Wildgale Weakener","Grants <UIForeground>F201FA</UIForeground><UIGlow>F201FB</UIGlow>Through Wind<UIGlow>01</UIGlow><UIForeground>01</UIForeground> to self and nearby allies.
<UIForeground>F2023B</UIForeground><UIGlow>F2023C</UIGlow>Through Wind Effect:<UIGlow>01</UIGlow><UIForeground>01</UIForeground> 70% chance to absorb wind damage as HP
<UIForeground>F2023B</UIForeground><UIGlow>F2023C</UIGlow>Duration:<UIGlow>01</UIGlow><UIForeground>01</UIForeground> 15s
※Can only be used on Crucible battlegrounds.",""
126,2,243186,47,"bottle of G1 wildfreeze weakener",0,"bottles of G1 wildfreeze weakener",0,0,1,0,0,"G1 Wildfreeze Weakener","Grants <UIForeground>F201FA</UIForeground><UIGlow>F201FB</UIGlow>Through Ice<UIGlow>01</UIGlow><UIForeground>01</UIForeground> to self and nearby allies.
<UIForeground>F2023B</UIForeground><UIGlow>F2023C</UIGlow>Through Ice Effect:<UIGlow>01</UIGlow><UIForeground>01</UIForeground> 50% chance to absorb ice damage as HP
<UIForeground>F2023B</UIForeground><UIGlow>F2023C</UIGlow>Duration:<UIGlow>01</UIGlow><UIForeground>01</UIForeground> 15s
※Can only be used on Crucible battlegrounds.",""
127,2,243187,95,"bottle of G2 wildfreeze weakener",0,"bottles of G2 wildfreeze weakener",0,0,1,0,0,"G2 Wildfreeze Weakener","Grants <UIForeground>F201FA</UIForeground><UIGlow>F201FB</UIGlow>Through Ice<UIGlow>01</UIGlow><UIForeground>01</UIForeground> to self and nearby allies.
<UIForeground>F2023B</UIForeground><UIGlow>F2023C</UIGlow>Through Ice Effect:<UIGlow>01</UIGlow><UIForeground>01</UIForeground> 70% chance to absorb ice damage as HP
<UIForeground>F2023B</UIForeground><UIGlow>F2023C</UIGlow>Duration:<UIGlow>01</UIGlow><UIForeground>01</UIForeground> 15s
※Can only be used on Crucible battlegrounds.",""
128,2,243188,45,"fang of fire",0,"fangs of fire",0,0,1,0,0,"Fang of Fire","Deals ranged fire damage with a potency of 2,500 to target and all enemies within 12 yalms of it.
<UIForeground>F2023B</UIForeground><UIGlow>F2023C</UIGlow>Additional Effect:<UIGlow>01</UIGlow><UIForeground>01</UIForeground> Targets suffering from <UIForeground>F201FA</UIForeground><UIGlow>F201FB</UIGlow>Deep Freeze<UIGlow>01</UIGlow><UIForeground>01</UIForeground> receive additional damage with a potency of 1,000
Damage is affected by magic damage increase effects of other beast gear, items, or abilities.
※Can only be used on Crucible battlegrounds.",""
129,2,243189,45,"fang of ice",0,"fangs of ice",0,0,1,0,0,"Fang of Ice","Deals ranged ice damage with a potency of 2,000 to target and all enemies within 12 yalms of it.
<UIForeground>F2023B</UIForeground><UIGlow>F2023C</UIGlow>Additional Effect:<UIGlow>01</UIGlow><UIForeground>01</UIForeground> Afflicts target with <UIForeground>F201FA</UIForeground><UIGlow>F201FB</UIGlow>Deep Freeze<UIGlow>01</UIGlow><UIForeground>01</UIForeground>
<UIForeground>F2023B</UIForeground><UIGlow>F2023C</UIGlow>Duration:<UIGlow>01</UIGlow><UIForeground>01</UIForeground> 20s
Damage is affected by magic damage increase effects of other beast gear, items, and abilities.
※Can only be used on Crucible battlegrounds.",""
130,2,243190,45,"fang of water",0,"fangs of water",0,0,1,0,0,"Fang of Water","Deals ranged water damage with a potency of 2,000 to target and all enemies within 12 yalms of it.
<UIForeground>F2023B</UIForeground><UIGlow>F2023C</UIGlow>Additional Effect:<UIGlow>01</UIGlow><UIForeground>01</UIForeground> Removes one beneficial status from target, thereby granting 100 TP
Damage is affected by magic damage increase effects of other beast gear, items, and abilities.
※Can only be used on Crucible battlegrounds.",""
131,2,243191,45,"fang of lightning",0,"fangs of lightning",0,0,1,0,0,"Fang of Lightning","Deals ranged lightning damage with a potency of 2,000 to target and all enemies within 12 yalms of it.
<UIForeground>F2023B</UIForeground><UIGlow>F2023C</UIGlow>Additional Effect:<UIGlow>01</UIGlow><UIForeground>01</UIForeground> Afflicts target with <UIForeground>F201FA</UIForeground><UIGlow>F201FB</UIGlow>Paralysis<UIGlow>01</UIGlow><UIForeground>01</UIForeground>
<UIForeground>F2023B</UIForeground><UIGlow>F2023C</UIGlow>Duration:<UIGlow>01</UIGlow><UIForeground>01</UIForeground> 30s
Damage is affected by magic damage increase effects of other beast gear, items, and abilities.
※Can only be used on Crucible battlegrounds.",""
132,2,243192,45,"fang of earth",0,"fangs of earth",0,0,1,0,0,"Fang of Earth","Deals ranged earth damage with a potency of 2,000 to target and all enemies within 12 yalms of it.
<UIForeground>F2023B</UIForeground><UIGlow>F2023C</UIGlow>Additional Effect:<UIGlow>01</UIGlow><UIForeground>01</UIForeground> Afflicts target with <UIForeground>F201FA</UIForeground><UIGlow>F201FB</UIGlow>Heavy<UIGlow>01</UIGlow><UIForeground>01</UIForeground>
<UIForeground>F2023B</UIForeground><UIGlow>F2023C</UIGlow>Duration:<UIGlow>01</UIGlow><UIForeground>01</UIForeground> 60s
Damage is affected by magic damage increase effects of other beast gear, items, and abilities.
※Can only be used on Crucible battlegrounds.",""
133,2,243193,45,"fang of wind",0,"fangs of wind",0,0,1,0,0,"Fang of Wind","Deals ranged wind damage with a potency of 2,000 to target and all enemies within 12 yalms of it.
<UIForeground>F2023B</UIForeground><UIGlow>F2023C</UIGlow>Additional Effect:<UIGlow>01</UIGlow><UIForeground>01</UIForeground> 15-yalm knockback
Damage is affected by magic damage increase effects of other beast gear, items, and abilities.
※Can only be used on Crucible battlegrounds.",""
134,2,243194,68,"vampiric fang",0,"vampiric fangs",0,0,1,0,0,"Vampiric Fang","Deals ranged piercing physical damage with a potency of 1,500 to target and all enemies within 12 yalms of it.
Potency increases up to 3,300 as your maximum HP increases, and damage is partially absorbed as HP.
※Can only be used on Crucible battlegrounds.",""
135,2,243195,378,"bottle of vampiric essence",0,"bottles of vampiric essence",0,0,1,0,0,"Vampiric Essence","Grants <UIForeground>F201FA</UIForeground><UIGlow>F201FB</UIGlow>Life Siphon<UIGlow>01</UIGlow><UIForeground>01</UIForeground> to self or familiar.
<UIForeground>F2023B</UIForeground><UIGlow>F2023C</UIGlow>Life Siphon Effect:<UIGlow>01</UIGlow><UIForeground>01</UIForeground> Absorbs 10% of damage dealt as HP
<UIForeground>F2023B</UIForeground><UIGlow>F2023C</UIGlow>Duration:<UIGlow>01</UIGlow><UIForeground>01</UIForeground> 60s
<UIForeground>F2023B</UIForeground><UIGlow>F2023C</UIGlow>Additional Effect:<UIGlow>01</UIGlow><UIForeground>01</UIForeground> When carrying demonic armor, duration increases to 90s
※Can only be used on Crucible battlegrounds.",""
136,2,243196,81,"tome of reflection",0,"tomes of reflection",0,0,1,0,0,"Tome of Reflection","Grants <UIForeground>F201FA</UIForeground><UIGlow>F201FB</UIGlow>Reflect<UIGlow>01</UIGlow><UIForeground>01</UIForeground> to self or familiar.
<UIForeground>F2023B</UIForeground><UIGlow>F2023C</UIGlow>Reflect Effect:<UIGlow>01</UIGlow><UIForeground>01</UIForeground> Reflects most magic attacks back at the caster
<UIForeground>F2023B</UIForeground><UIGlow>F2023C</UIGlow>Duration:<UIGlow>01</UIGlow><UIForeground>01</UIForeground> 30s
<UIForeground>F2023B</UIForeground><UIGlow>F2023C</UIGlow>Additional Effect:<UIGlow>01</UIGlow><UIForeground>01</UIForeground> When carrying a hexed hat, duration increases to 60s
※Can only be used on Crucible battlegrounds.",""
137,2,243197,63,"tome of the impervious",0,"tomes of the impervious",0,0,1,0,0,"Tome of the Impervious","Grants five stacks of <UIForeground>F201FA</UIForeground><UIGlow>F201FB</UIGlow>Blink<UIGlow>01</UIGlow><UIForeground>01</UIForeground> to self or familiar.
<UIForeground>F2023B</UIForeground><UIGlow>F2023C</UIGlow>Blink Effect:<UIGlow>01</UIGlow><UIForeground>01</UIForeground> Nullifies most physical attacks, reducing one stack per nullification
<UIForeground>F2023B</UIForeground><UIGlow>F2023C</UIGlow>Duration:<UIGlow>01</UIGlow><UIForeground>01</UIForeground> 120s
<UIForeground>F2023B</UIForeground><UIGlow>F2023C</UIGlow>Spirit of the Breathtaker Effect:<UIGlow>01</UIGlow><UIForeground>01</UIForeground> Grants three additional stacks
※Can only be used on Crucible battlegrounds.",""
138,2,243198,315,"pinch of temporal sand",0,"pinches of temporal sands",0,0,1,0,0,"Temporal Sand","Grants <UIForeground>F201FA</UIForeground><UIGlow>F201FB</UIGlow>Sandstill<UIGlow>01</UIGlow><UIForeground>01</UIForeground> to self.
<UIForeground>F2023B</UIForeground><UIGlow>F2023C</UIGlow>Sandstill Effect:<UIGlow>01</UIGlow><UIForeground>01</UIForeground> Returns you to the moment combat commences upon incapacitation
※Can only be used outside of combat.",""
139,2,243199,72,"pinch of celestial sand",0,"pinches of celestial sands",0,0,1,0,0,"Celestial Sand","Calls down a <UIForeground>02</UIForeground><UIGlow>11</UIGlow>Starstorm<UIForeground>01</UIForeground><UIGlow>01</UIGlow> that deals fire damage with a potency of 3,000 to target and all enemies within 18 yalms of it.
<UIForeground>F2023B</UIForeground><UIGlow>F2023C</UIGlow>Additional Effect:<UIGlow>01</UIGlow><UIForeground>01</UIForeground> Increases <UIForeground>02</UIForeground><UIGlow>11</UIGlow>TP Gauge<UIForeground>01</UIForeground><UIGlow>01</UIGlow> by 50 for every enemy hit
<UIForeground>F2023B</UIForeground><UIGlow>F2023C</UIGlow>Additional Effect:<UIGlow>01</UIGlow><UIForeground>01</UIForeground> Reduces target's fire resistance by 20%
<UIForeground>F2023B</UIForeground><UIGlow>F2023C</UIGlow>Duration:<UIGlow>01</UIGlow><UIForeground>01</UIForeground> 60s
Damage is affected by magic damage increase effects of other beast gear, items, and abilities.
※Can only be used on Crucible battlegrounds.",""
140,2,243200,189,"beast potion kit",0,"beast potion kits",0,0,1,0,0,"Beast Potion Kit","Grants <UIForeground>F201FA</UIForeground><UIGlow>F201FB</UIGlow>Auto-potion<UIGlow>01</UIGlow><UIForeground>01</UIForeground> to self.
<UIForeground>F2023B</UIForeground><UIGlow>F2023C</UIGlow>Auto-potion Effect:<UIGlow>01</UIGlow><UIForeground>01</UIForeground> Restores 40% of HP automatically when HP falls below 50%
50% chance for the effect to expire when triggered. Chance is reduced to 10% when under the effect of <UIForeground>F201FA</UIForeground><UIGlow>F201FB</UIGlow>Spirit of the Breathtaker<UIGlow>01</UIGlow><UIForeground>01</UIForeground>.
<UIForeground>F2023B</UIForeground><UIGlow>F2023C</UIGlow>Duration:<UIGlow>01</UIGlow><UIForeground>01</UIForeground> 150s
<UIForeground>F2023B</UIForeground><UIGlow>F2023C</UIGlow>Additional Effect:<UIGlow>01</UIGlow><UIForeground>01</UIForeground> When carrying thief's garb, duration increases to 240s
※Can only be used on Crucible battlegrounds.",""
141,2,243201,32,"beast remedy kit",0,"beast remedy kits",0,0,1,0,0,"Beast Remedy Kit","Grants <UIForeground>F201FA</UIForeground><UIGlow>F201FB</UIGlow>Auto-remedy<UIGlow>01</UIGlow><UIForeground>01</UIForeground> to self.
<UIForeground>F2023B</UIForeground><UIGlow>F2023C</UIGlow>Auto-remedy Effect:<UIGlow>01</UIGlow><UIForeground>01</UIForeground> Automatically cures the next status ailment suffered
<UIForeground>F2023B</UIForeground><UIGlow>F2023C</UIGlow>Duration:<UIGlow>01</UIGlow><UIForeground>01</UIForeground> 240s
※Can only be used on Crucible battlegrounds.",""
142,2,243202,63,"spellforge tome",0,"spellforge tomes",0,0,1,0,0,"Spellforge Tome","Ensures all attacks deal magic damage. Effects also apply to familiars.
<UIForeground>F2023B</UIForeground><UIGlow>F2023C</UIGlow>Duration:<UIGlow>01</UIGlow><UIForeground>01</UIForeground> 180s
※Can only be used on Crucible battlegrounds.",""
143,2,243203,63,"steelsting tome",0,"steelsting tomes",0,0,1,0,0,"Steelsting Tome","Ensures all attacks deliver physical damage. Effects also apply to familiars.
<UIForeground>F2023B</UIForeground><UIGlow>F2023C</UIGlow>Duration:<UIGlow>01</UIGlow><UIForeground>01</UIForeground> 180s
※Can only be used on Crucible battlegrounds.",""
144,3,243076,0,"G1 primafodder",0,"G1 primafodders",0,0,1,0,0,"G1 Primafodder","Maximum HP +15%
Damage Dealt +5%
<UIForeground>F2023B</UIForeground><UIGlow>F2023C</UIGlow>Additional Effect:<UIGlow>01</UIGlow><UIForeground>01</UIForeground> Restores 10% of HP upon consumption
<UIForeground>F2023B</UIForeground><UIGlow>F2023C</UIGlow>Additional Effect:<UIGlow>01</UIGlow><UIForeground>01</UIForeground> Increases familiar's earned EXP by 25%
[Suitable for beastkin, vilekin, cloudkin, seedkin, wavekin, scalekin, soulkin, and ashkin.]",""
145,3,243077,0,"G2 primafodder",0,"G2 primafodders",0,0,1,0,0,"G2 Primafodder","Maximum HP +30%
Damage Dealt +10%
<UIForeground>F2023B</UIForeground><UIGlow>F2023C</UIGlow>Additional Effect:<UIGlow>01</UIGlow><UIForeground>01</UIForeground> Restores 18% of HP upon consumption
<UIForeground>F2023B</UIForeground><UIGlow>F2023C</UIGlow>Additional Effect:<UIGlow>01</UIGlow><UIForeground>01</UIForeground> Increases familiar's earned EXP by 50%
[Suitable for beastkin, vilekin, cloudkin, seedkin, wavekin, scalekin, soulkin, and ashkin.]",""
146,3,243078,0,"meat simular",0,"meat simulars",0,0,1,0,0,"Meat Simular","Physical Damage Dealt +20%
[Suitable for beastkin, vilekin, cloudkin, seedkin, wavekin, scalekin, and ashkin.]",""
147,3,243079,0,"hydrolixer",0,"hydrolixers",0,0,1,0,0,"Hydrolixer","<UIForeground>02</UIForeground><UIGlow>11</UIGlow>Aetheric Burst<UIForeground>01</UIForeground><UIGlow>01</UIGlow> Potency +35%
[Suitable for beastkin, vilekin, cloudkin, seedkin, wavekin, scalekin, and ashkin.]",""
148,3,243080,0,"honey simular",0,"honey simulars",0,0,1,0,0,"Honey Simular","Physical Vulnerability -25%
<UIForeground>02</UIForeground><UIGlow>11</UIGlow>Aetheric Burst<UIForeground>01</UIForeground><UIGlow>01</UIGlow> Potency +10%
[Suitable for beastkin, vilekin, cloudkin, seedkin, wavekin, scalekin, and ashkin.]",""
149,3,243081,0,"crab ball simular",0,"crab ball simulars",0,0,1,0,0,"Crab Ball Simular","Critical Hit Rate +35%
Magic Vulnerability -30%
Maximum HP +10%
<UIForeground>F2023B</UIForeground><UIGlow>F2023C</UIGlow>Additional Effect:<UIGlow>01</UIGlow><UIForeground>01</UIForeground> Restores 7% of HP upon consumption
[Suitable for soulkin.]",""
150,3,243082,0,"banana simular",0,"banana simulars",0,0,1,0,0,"Banana Simular","<UIForeground>02</UIForeground><UIGlow>11</UIGlow>Aetheric Burst<UIForeground>01</UIForeground><UIGlow>01</UIGlow> Potency +10%
Grants one stack of <UIForeground>F201FA</UIForeground><UIGlow>F201FB</UIGlow>Physical Damage Up<UIGlow>01</UIGlow><UIForeground>01</UIForeground> upon landing a critical hit.
<UIForeground>F2023B</UIForeground><UIGlow>F2023C</UIGlow>Physical Damage Up Effect:<UIGlow>01</UIGlow><UIForeground>01</UIForeground> Increases physical damage dealt by 10%
<UIForeground>F2023B</UIForeground><UIGlow>F2023C</UIGlow>Duration:<UIGlow>01</UIGlow><UIForeground>01</UIForeground> 30s
<UIForeground>F2023B</UIForeground><UIGlow>F2023C</UIGlow>Maximum Stacks:<UIGlow>01</UIGlow><UIForeground>01</UIForeground> 5
[Suitable for beastkin, vilekin, cloudkin, seedkin, wavekin, scalekin, and ashkin.]",""
151,3,243083,0,"berry simular",0,"berry simulars",0,0,1,0,0,"Berry Simular","Critical Hit Power +60
<UIForeground>02</UIForeground><UIGlow>11</UIGlow>Aetheric Burst<UIForeground>01</UIForeground><UIGlow>01</UIGlow> Potency +10%
[Suitable for beastkin, vilekin, cloudkin, seedkin, wavekin, scalekin, and ashkin.]",""
152,3,243084,0,"egg simular",0,"egg simulars",0,0,1,0,0,"Egg Simular","<UIForeground>F201FA</UIForeground><UIGlow>F201FB</UIGlow>Haste<UIGlow>01</UIGlow><UIForeground>01</UIForeground> +5%
Physical Damage Dealt +25%
[Suitable for beastkin, vilekin, cloudkin, wavekin, and scalekin.]",""
153,3,243085,0,"yellow egg simular",0,"yellow egg simulars",0,0,1,0,0,"Yellow Egg Simular","<UIForeground>F201FA</UIForeground><UIGlow>F201FB</UIGlow>Haste<UIGlow>01</UIGlow><UIForeground>01</UIForeground> +15%
Damage Dealt +5%
Maximum HP +35%
<UIForeground>F2023B</UIForeground><UIGlow>F2023C</UIGlow>Additional Effect:<UIGlow>01</UIGlow><UIForeground>01</UIForeground> Restores 20% of HP upon consumption
[Suitable for seedkin.]",""
154,3,243086,0,"tomato simular",0,"tomato simulars",0,0,1,0,0,"Tomato Simular","Evasion +10%
Physical Damage Dealt +10%
[Suitable for beastkin, vilekin, cloudkin, seedkin, wavekin, and ashkin.]",""
155,3,243087,0,"milk simular",0,"milk simulars",0,0,1,0,0,"Milk Simular","<UIForeground>F201FA</UIForeground><UIGlow>F201FB</UIGlow>Haste<UIGlow>01</UIGlow><UIForeground>01</UIForeground> +5%
Maximum HP +50%
<UIForeground>F2023B</UIForeground><UIGlow>F2023C</UIGlow>Additional Effect:<UIGlow>01</UIGlow><UIForeground>01</UIForeground> Restores 26% of HP upon consumption
[Suitable for beastkin, vilekin, cloudkin, wavekin, and scalekin.]",""
156,3,243088,0,"rolanberry cheese simular",0,"rolanberry cheese simulars",0,0,1,0,0,"Rolanberry Cheese Simular","<UIForeground>F201FA</UIForeground><UIGlow>F201FB</UIGlow>Haste<UIGlow>01</UIGlow><UIForeground>01</UIForeground> +5%
<UIForeground>02</UIForeground><UIGlow>11</UIGlow>Aetheric Burst<UIForeground>01</UIForeground><UIGlow>01</UIGlow> Potency +25%
[Suitable for beastkin, vilekin, cloudkin, wavekin, and scalekin.]",""
157,3,243089,0,"porcini simular",0,"porcini simulars",0,0,1,0,0,"Porcini Simular","Poison Resistance +100%
Damage Taken -10%
[Suitable for beastkin, vilekin, cloudkin, seedkin, wavekin, scalekin, soulkin, and ashkin.]",""
158,3,243090,0,"morel simular",0,"morel simulars",0,0,1,0,0,"Morel Simular","Paralysis Resistance +100%
Damage Taken -10%
[Suitable for beastkin, vilekin, cloudkin, seedkin, wavekin, scalekin, soulkin, and ashkin.]",""
159,3,243091,0,"black truffle simular",0,"black truffle simulars",0,0,1,0,0,"Black Truffle Simular","Blind Resistance +100%
Damage Taken -10%
[Suitable for beastkin, vilekin, cloudkin, seedkin, wavekin, scalekin, soulkin, and ashkin.]",""
160,3,243092,0,"white truffle simular",0,"white truffle simulars",0,0,1,0,0,"White Truffle Simular","Petrification Resistance +100%
Damage Taken -10%
[Suitable for beastkin, vilekin, cloudkin, seedkin, wavekin, scalekin, soulkin, and ashkin.]",""
161,3,243093,0,"mushroom simular",0,"mushroom simulars",0,0,1,0,0,"Mushroom Simular","Sleep Resistance +100%
Damage Taken -10%
[Suitable for beastkin, vilekin, cloudkin, seedkin, wavekin, scalekin, soulkin, and ashkin.]",""
162,3,243094,0,"sole simular",0,"sole simulars",0,0,1,0,0,"Sole Simular","Physical Damage Dealt +20%
TP Accumulation +50%
[Suitable for cloudkin.]",""
163,3,243095,0,"magnum water",0,"magnum waters",0,0,1,0,0,"Magnum Water","Maximum HP +30%
Damage Dealt +15%
<UIForeground>F2023B</UIForeground><UIGlow>F2023C</UIGlow>Additional Effect:<UIGlow>01</UIGlow><UIForeground>01</UIForeground> Restores 18% of HP upon consumption
Grants one stack of <UIForeground>F201FA</UIForeground><UIGlow>F201FB</UIGlow>Rehabilitation<UIGlow>01</UIGlow><UIForeground>01</UIForeground> upon defeating an enemy.
<UIForeground>F2023B</UIForeground><UIGlow>F2023C</UIGlow>Rehabilitation Effect:<UIGlow>01</UIGlow><UIForeground>01</UIForeground> Restores 3% of maximum HP at regular intervals
<UIForeground>F2023B</UIForeground><UIGlow>F2023C</UIGlow>Duration:<UIGlow>01</UIGlow><UIForeground>01</UIForeground> 6s
<UIForeground>F2023B</UIForeground><UIGlow>F2023C</UIGlow>Maximum Stacks:<UIGlow>01</UIGlow><UIForeground>01</UIForeground> 8
[Suitable for wavekin.]",""
164,3,243096,0,"blood simular",0,"blood simulars",0,0,1,0,0,"Blood Simular","Critical Hit Rate +50%
Damage Dealt +35%
<UIForeground>F2023B</UIForeground><UIGlow>F2023C</UIGlow>Additional Effect:<UIGlow>01</UIGlow><UIForeground>01</UIForeground> Inflicts damage over time on self
[Suitable for vilekin.]",""
165,3,243097,0,"noble blood simular",0,"noble blood simulars",0,0,1,0,0,"Noble Blood Simular","Maximum HP +20%
Critical Hit Rate +15%
<UIForeground>F2023B</UIForeground><UIGlow>F2023C</UIGlow>Additional Effect:<UIGlow>01</UIGlow><UIForeground>01</UIForeground> Restores 13% of HP upon consumption
5% chance to grant one stack of <UIForeground>F201FA</UIForeground><UIGlow>F201FB</UIGlow>Rehabilitation<UIGlow>01</UIGlow><UIForeground>01</UIForeground> upon landing a critical hit.
<UIForeground>F2023B</UIForeground><UIGlow>F2023C</UIGlow>Rehabilitation Effect:<UIGlow>01</UIGlow><UIForeground>01</UIForeground> Restores 3% of maximum HP at regular intervals
<UIForeground>F2023B</UIForeground><UIGlow>F2023C</UIGlow>Duration:<UIGlow>01</UIGlow><UIForeground>01</UIForeground> 6s
<UIForeground>F2023B</UIForeground><UIGlow>F2023C</UIGlow>Maximum Stacks:<UIGlow>01</UIGlow><UIForeground>01</UIForeground> 8
[Suitable for wavekin.]",""
166,3,243098,0,"lily simular",0,"lily simulars",0,0,1,0,0,"Lily Simular","Damage Dealt +10%
Damage Taken -10%
<UIForeground>F2023B</UIForeground><UIGlow>F2023C</UIGlow>Additional Effect:<UIGlow>01</UIGlow><UIForeground>01</UIForeground> Preserves the effects of feed when resting at a campsite
[Suitable for beastkin, vilekin, cloudkin, seedkin, wavekin, scalekin, soulkin, and ashkin.]",""
167,3,243099,0,"flounder simular",0,"flounder simulars",0,0,1,0,0,"Flounder Simular","Physical Damage Dealt +10%
30% chance to recover TP upon completing a combo with a familiar instinctual skill.
[Suitable for beastkin, vilekin, seedkin, wavekin, scalekin, and ashkin.]",""
168,3,243100,0,"white scorpion simular",0,"white scorpion simulars",0,0,1,0,0,"White Scorpion Simular","Grants <UIForeground>F201FA</UIForeground><UIGlow>F201FB</UIGlow>Reflect<UIGlow>01</UIGlow><UIForeground>01</UIForeground> when summoned by a beastmaster.
<UIForeground>F2023B</UIForeground><UIGlow>F2023C</UIGlow>Reflect Effect:<UIGlow>01</UIGlow><UIForeground>01</UIForeground> Reflects most magic attacks back at the caster
<UIForeground>F2023B</UIForeground><UIGlow>F2023C</UIGlow>Duration:<UIGlow>01</UIGlow><UIForeground>01</UIForeground> 60s
[Suitable for scalekin.]",""
169,3,243101,0,"black scorpion simular",0,"black scorpion simulars",0,0,1,0,0,"Black Scorpion Simular","Damage Dealt +15%
Damage Taken -35%
3% chance to inflict <UIForeground>F201FA</UIForeground><UIGlow>F201FB</UIGlow>Poison<UIGlow>01</UIGlow><UIForeground>01</UIForeground> on self upon suffering damage.
<UIForeground>F2023B</UIForeground><UIGlow>F2023C</UIGlow>Duration:<UIGlow>01</UIGlow><UIForeground>01</UIForeground> 30s
[Suitable for scalekin.]",""
170,3,243102,0,"herring simular",0,"herring simulars",0,0,1,0,0,"Herring Simular","<UIForeground>02</UIForeground><UIGlow>11</UIGlow>Aetheric Burst<UIForeground>01</UIForeground><UIGlow>01</UIGlow> Potency +25%
35% chance to recover TP upon completing a combo with a familiar instinctual skill.
[Suitable for cloudkin.]",""
171,3,243103,0,"angelfish simular",0,"angelfish simulars",0,1,1,0,0,"Angelfish Simular","Damage Taken -10%
TP Accumulation +30%
[Suitable for beastkin, vilekin, seedkin, wavekin, and ashkin.]",""
172,3,243104,0,"grape simular",0,"grape simulars",0,0,1,0,0,"Grape Simular","Critical Hit Rate +35%
Physical Damage Dealt +15%
[Suitable for beastkin, vilekin, cloudkin, seedkin, wavekin, scalekin, and ashkin.]",""
173,3,243105,0,"orange simular",0,"orange simulars",0,1,1,0,0,"Orange Simular","Critical Hit Rate +25%
<UIForeground>02</UIForeground><UIGlow>11</UIGlow>Aetheric Burst<UIForeground>01</UIForeground><UIGlow>01</UIGlow> Potency +20%
[Suitable for beastkin, vilekin, cloudkin, seedkin, wavekin, scalekin, and ashkin.]",""
174,3,243106,0,"lugworm simular",0,"lugworm simulars",0,0,1,0,0,"Lugworm Simular","Maximum HP +30%
<UIForeground>F2023B</UIForeground><UIGlow>F2023C</UIGlow>Additional Effect:<UIGlow>01</UIGlow><UIForeground>01</UIForeground> Restores 18% of HP upon consumption
Grants one stack of <UIForeground>F201FA</UIForeground><UIGlow>F201FB</UIGlow>Magic Vulnerability Down<UIGlow>01</UIGlow><UIForeground>01</UIForeground> upon suffering damage.
<UIForeground>F2023B</UIForeground><UIGlow>F2023C</UIGlow>Magic Vulnerability Down Effect:<UIGlow>01</UIGlow><UIForeground>01</UIForeground> Reduces magic damage taken by 5%
<UIForeground>F2023B</UIForeground><UIGlow>F2023C</UIGlow>Duration:<UIGlow>01</UIGlow><UIForeground>01</UIForeground> 60s
<UIForeground>F2023B</UIForeground><UIGlow>F2023C</UIGlow>Maximum Stacks:<UIGlow>01</UIGlow><UIForeground>01</UIForeground> 8
[Suitable for soulkin.]",""
175,3,243107,0,"crucible tonic",0,"crucible tonics",0,0,1,0,0,"Crucible Tonic","Grants one stack of <UIForeground>F201FA</UIForeground><UIGlow>F201FB</UIGlow>High Wire<UIGlow>01</UIGlow><UIForeground>01</UIForeground> upon defeating an enemy.
<UIForeground>F2023B</UIForeground><UIGlow>F2023C</UIGlow>High Wire Effect:<UIGlow>01</UIGlow><UIForeground>01</UIForeground> Increases damage dealt by 15% and reduces damage taken by 8%
<UIForeground>F2023B</UIForeground><UIGlow>F2023C</UIGlow>Duration:<UIGlow>01</UIGlow><UIForeground>01</UIForeground> 60s
<UIForeground>F2023B</UIForeground><UIGlow>F2023C</UIGlow>Maximum Stacks:<UIGlow>01</UIGlow><UIForeground>01</UIForeground> 4
[Suitable for beastkin, vilekin, cloudkin, seedkin, wavekin, scalekin, soulkin, and ashkin.]",""
176,3,243108,0,"carrot simular",0,"carrot simulars",0,0,1,0,0,"Carrot Simular","Evasion +10%
<UIForeground>02</UIForeground><UIGlow>11</UIGlow>Aetheric Burst<UIForeground>01</UIForeground><UIGlow>01</UIGlow> Potency +5%
[Suitable for beastkin, vilekin, cloudkin, seedkin, wavekin, and ashkin.]",""
177,3,243109,0,"onion simular",0,"onion simulars",0,1,1,0,0,"Onion Simular","Evasion +15%
Damage Taken -5%
[Suitable for beastkin, vilekin, cloudkin, seedkin, wavekin, and ashkin.]",""
178,3,243110,0,"lettuce simular",0,"lettuce simulars",0,0,1,0,0,"Lettuce Simular","Evasion +5%
Grants one stack of <UIForeground>F201FA</UIForeground><UIGlow>F201FB</UIGlow>High Wire<UIGlow>01</UIGlow><UIForeground>01</UIForeground> for each attack evaded.
<UIForeground>F2023B</UIForeground><UIGlow>F2023C</UIGlow>High Wire Effect:<UIGlow>01</UIGlow><UIForeground>01</UIForeground> Increases damage dealt by 15% and reduces damage taken by 8%
<UIForeground>F2023B</UIForeground><UIGlow>F2023C</UIGlow>Duration:<UIGlow>01</UIGlow><UIForeground>01</UIForeground> 60s
<UIForeground>F2023B</UIForeground><UIGlow>F2023C</UIGlow>Maximum Stacks:<UIGlow>01</UIGlow><UIForeground>01</UIForeground> 4
[Suitable for beastkin, vilekin, cloudkin, seedkin, wavekin, and ashkin.]",""
179,3,243111,0,"lemon simular",0,"lemon simulars",0,0,1,0,0,"Lemon Simular","<UIForeground>02</UIForeground><UIGlow>11</UIGlow>Aetheric Burst<UIForeground>01</UIForeground><UIGlow>01</UIGlow> Potency +10%
Grants one stack of <UIForeground>F201FA</UIForeground><UIGlow>F201FB</UIGlow>Blink<UIGlow>01</UIGlow><UIForeground>01</UIForeground> upon landing a critical hit.
<UIForeground>F2023B</UIForeground><UIGlow>F2023C</UIGlow>Blink Effect:<UIGlow>01</UIGlow><UIForeground>01</UIForeground> Nullifies most physical attacks, reducing one stack per nullification
<UIForeground>F2023B</UIForeground><UIGlow>F2023C</UIGlow>Duration:<UIGlow>01</UIGlow><UIForeground>01</UIForeground> 120s
<UIForeground>F2023B</UIForeground><UIGlow>F2023C</UIGlow>Maximum Stacks:<UIGlow>01</UIGlow><UIForeground>01</UIForeground> 5
[Suitable for beastkin, vilekin, cloudkin, seedkin, wavekin, scalekin, and ashkin.]",""
180,3,243112,0,"untaming oil",0,"untaming oils",0,0,1,0,0,"Untaming Oil","<UIForeground>F201FA</UIForeground><UIGlow>F201FB</UIGlow>Haste<UIGlow>01</UIGlow><UIForeground>01</UIForeground> +20%
Grants one stack of <UIForeground>F201FA</UIForeground><UIGlow>F201FB</UIGlow>High Wire<UIGlow>01</UIGlow><UIForeground>01</UIForeground> for each combo completed with a familiar instinctual skill.
<UIForeground>F2023B</UIForeground><UIGlow>F2023C</UIGlow>High Wire Effect:<UIGlow>01</UIGlow><UIForeground>01</UIForeground> Increases damage dealt by 15% and reduces damage taken by 8%
<UIForeground>F2023B</UIForeground><UIGlow>F2023C</UIGlow>Duration:<UIGlow>01</UIGlow><UIForeground>01</UIForeground> 60s
<UIForeground>F2023B</UIForeground><UIGlow>F2023C</UIGlow>Maximum Stacks:<UIGlow>01</UIGlow><UIForeground>01</UIForeground> 4
[Suitable for soulkin.]",""
181,3,243113,0,"mucus simular",0,"mucus simulars",0,0,1,0,0,"Mucus Simular","Damage Dealt +30%
Damage Taken -30%
Inflicts <UIForeground>F201FA</UIForeground><UIGlow>F201FB</UIGlow>Nightmare<UIGlow>01</UIGlow><UIForeground>01</UIForeground> on self upon landing a critical hit.
<UIForeground>F2023B</UIForeground><UIGlow>F2023C</UIGlow>Duration:<UIGlow>01</UIGlow><UIForeground>01</UIForeground> 30s
[Suitable for beastkin, vilekin, cloudkin, seedkin, wavekin, scalekin, and ashkin.]",""
182,3,243114,0,"sap simular",0,"sap simulars",0,0,1,0,0,"Sap Simular","Physical Vulnerability -40%
<UIForeground>02</UIForeground><UIGlow>11</UIGlow>Aetheric Burst<UIForeground>01</UIForeground><UIGlow>01</UIGlow> Potency +20%
[Suitable for scalekin.]",""
183,3,243115,0,"salt simular",0,"salt simulars",0,0,1,0,0,"Salt Simular","Evasion +25%
15% chance to grant <UIForeground>F201FA</UIForeground><UIGlow>F201FB</UIGlow>Stoneskin<UIGlow>01</UIGlow><UIForeground>01</UIForeground> upon evading an attack.
<UIForeground>F2023B</UIForeground><UIGlow>F2023C</UIGlow>Stoneskin Effect:<UIGlow>01</UIGlow><UIForeground>01</UIForeground> Absorbs damage equivalent to 12% of maximum HP
<UIForeground>F2023B</UIForeground><UIGlow>F2023C</UIGlow>Duration:<UIGlow>01</UIGlow><UIForeground>01</UIForeground> 60s
[Suitable for soulkin.]",""
184,3,243116,0,"syrup simular",0,"syrup simulars",0,0,1,0,0,"Syrup Simular","Damage Dealt +30%
Physical Vulnerability -30%
3% chance to inflict <UIForeground>F201FA</UIForeground><UIGlow>F201FB</UIGlow>Paralysis<UIGlow>01</UIGlow><UIForeground>01</UIForeground> on self upon suffering damage.
<UIForeground>F2023B</UIForeground><UIGlow>F2023C</UIGlow>Duration:<UIGlow>01</UIGlow><UIForeground>01</UIForeground> 30s
[Suitable for vilekin.]",""
185,3,243117,0,"cream cheese simular",0,"cream cheese simulars",0,0,1,0,0,"Cream Cheese Simular","Maximum HP +50%
Damage Taken -20%
<UIForeground>F2023B</UIForeground><UIGlow>F2023C</UIGlow>Additional Effect:<UIGlow>01</UIGlow><UIForeground>01</UIForeground> Restores 26% of HP upon consumption
50% chance to grant one stack of <UIForeground>F201FA</UIForeground><UIGlow>F201FB</UIGlow>Haste<UIGlow>01</UIGlow><UIForeground>01</UIForeground> upon suffering damage.
<UIForeground>F2023B</UIForeground><UIGlow>F2023C</UIGlow>Haste Effect:<UIGlow>01</UIGlow><UIForeground>01</UIForeground> Reduces weaponskill cast time and recast time, spell cast time and recast time, and auto-attack delay by 3%
<UIForeground>F2023B</UIForeground><UIGlow>F2023C</UIGlow>Duration:<UIGlow>01</UIGlow><UIForeground>01</UIForeground> 60s
<UIForeground>F2023B</UIForeground><UIGlow>F2023C</UIGlow>Maximum Stacks:<UIGlow>01</UIGlow><UIForeground>01</UIForeground> 5
[Suitable for seedkin.]",""
186,3,243118,0,"red egg simular",0,"red egg simulars",0,0,1,0,0,"Red Egg Simular","<UIForeground>F201FA</UIForeground><UIGlow>F201FB</UIGlow>Haste<UIGlow>01</UIGlow><UIForeground>01</UIForeground> +15%
Damage Dealt +30%
<UIForeground>F2023B</UIForeground><UIGlow>F2023C</UIGlow>Additional Effect:<UIGlow>01</UIGlow><UIForeground>01</UIForeground> Inflicts damage over time on self
[Suitable for beastkin, vilekin, cloudkin, wavekin, and scalekin.]",""
187,3,243119,0,"toast simular",0,"toast simulars",0,0,1,0,0,"Toast Simular","Magic Vulnerability -30%
[Suitable for beastkin, vilekin, cloudkin, seedkin, wavekin, scalekin, and ashkin.]",""
188,3,243120,0,"cornbread simular",0,"cornbread simulars",0,0,1,0,0,"Cornbread Simular","Magic Vulnerability -40%
<UIForeground>02</UIForeground><UIGlow>11</UIGlow>Aetheric Burst<UIForeground>01</UIForeground><UIGlow>01</UIGlow> Potency +10%
Maximum HP +15%
<UIForeground>F2023B</UIForeground><UIGlow>F2023C</UIGlow>Additional Effect:<UIGlow>01</UIGlow><UIForeground>01</UIForeground> Restores 10% of HP upon consumption
[Suitable for vilekin.]",""
189,3,243121,0,"mandrake simular",0,"mandrake simulars",0,0,1,0,0,"Mandrake Simular","Physical Damage Dealt +40%
Inflicts <UIForeground>F201FA</UIForeground><UIGlow>F201FB</UIGlow>Blind<UIGlow>01</UIGlow><UIForeground>01</UIForeground> on self upon landing a critical hit.
<UIForeground>F2023B</UIForeground><UIGlow>F2023C</UIGlow>Duration:<UIGlow>01</UIGlow><UIForeground>01</UIForeground> 30s
[Suitable for beastkin, vilekin, cloudkin, seedkin, wavekin, scalekin, soulkin, and ashkin.]",""
190,3,243122,0,"tarantula simular",0,"tarantula simulars",0,0,1,0,0,"Tarantula Simular","Critical Hit Rate +25%
Grants one stack of <UIForeground>F201FA</UIForeground><UIGlow>F201FB</UIGlow>Damage Up<UIGlow>01</UIGlow><UIForeground>01</UIForeground> upon landing a critical hit.
<UIForeground>F2023B</UIForeground><UIGlow>F2023C</UIGlow>Damage Up Effect:<UIGlow>01</UIGlow><UIForeground>01</UIForeground> Increases damage dealt by 10%
<UIForeground>F2023B</UIForeground><UIGlow>F2023C</UIGlow>Duration:<UIGlow>01</UIGlow><UIForeground>01</UIForeground> 60s
<UIForeground>F2023B</UIForeground><UIGlow>F2023C</UIGlow>Maximum Stacks:<UIGlow>01</UIGlow><UIForeground>01</UIForeground> 5
[Suitable for soulkin.]",""
191,3,243123,0,"belladonna simular",0,"belladonna simulars",0,0,1,0,0,"Belladonna Simular","Damage Taken -30%
Maximum HP +30%
<UIForeground>F2023B</UIForeground><UIGlow>F2023C</UIGlow>Additional Effect:<UIGlow>01</UIGlow><UIForeground>01</UIForeground> Restores 18% of HP upon consumption
3% chance to inflict <UIForeground>F201FA</UIForeground><UIGlow>F201FB</UIGlow>Petrification<UIGlow>01</UIGlow><UIForeground>01</UIForeground> on self upon suffering damage.
<UIForeground>F2023B</UIForeground><UIGlow>F2023C</UIGlow>Duration:<UIGlow>01</UIGlow><UIForeground>01</UIForeground> 30s
[Suitable for beastkin, vilekin, cloudkin, seedkin, wavekin, scalekin, soulkin, and ashkin.]",""
192,3,243124,0,"steak simular",0,"steak simulars",0,0,1,0,0,"Steak Simular","Delivers blunt physical damage with a potency of 350 each time your familiar suffers physical damage.
Counter damage is affected by physical damage increase effects of other feed and crucible items, and your familiar's strength.
[Suitable for beastkin, vilekin, cloudkin, scalekin, and ashkin.]",""
193,3,243125,0,"roe simular",0,"roe simulars",0,0,1,0,0,"Roe Simular","<UIForeground>02</UIForeground><UIGlow>11</UIGlow>Aetheric Burst<UIForeground>01</UIForeground><UIGlow>01</UIGlow> Potency +10%
30% chance to recover TP upon completing a combo with a familiar instinctual skill.
[Suitable for beastkin, vilekin, seedkin, wavekin, scalekin, and ashkin.]",""
194,3,243126,0,"herbal tea simular",0,"herbal tea simulars",0,0,1,0,0,"Herbal Tea Simular","Grants <UIForeground>F201FA</UIForeground><UIGlow>F201FB</UIGlow>Stoneskin<UIGlow>01</UIGlow><UIForeground>01</UIForeground> when summoned by a beastmaster.
<UIForeground>F2023B</UIForeground><UIGlow>F2023C</UIGlow>Stoneskin Effect:<UIGlow>01</UIGlow><UIForeground>01</UIForeground> Absorbs damage equivalent to 24% of maximum HP
<UIForeground>F2023B</UIForeground><UIGlow>F2023C</UIGlow>Duration:<UIGlow>01</UIGlow><UIForeground>01</UIForeground> 60s
[Suitable for beastkin, vilekin, cloudkin, seedkin, wavekin, scalekin, and ashkin.]",""
195,3,243127,0,"honeycomb simular",0,"honeycomb simulars",0,0,1,0,0,"Honeycomb Simular","Physical Vulnerability -30%
Damage Dealt +10%
30% chance to recover TP upon completing a combo with a familiar instinctual skill.
[Suitable for soulkin.]",""
196,3,243128,0,"orange juice simular",0,"orange juice simulars",0,1,1,0,0,"Orange Juice Simular","Magic Damage Dealt +30%
<UIForeground>02</UIForeground><UIGlow>11</UIGlow>Aetheric Burst<UIForeground>01</UIForeground><UIGlow>01</UIGlow> Potency +15%
[Suitable for beastkin, vilekin, cloudkin, seedkin, wavekin, scalekin, and ashkin.]",""
197,3,243129,0,"grape juice simular",0,"grape juice simulars",0,0,1,0,0,"Grape Juice Simular","Physical Damage Dealt +30%
<UIForeground>02</UIForeground><UIGlow>11</UIGlow>Aetheric Burst<UIForeground>01</UIForeground><UIGlow>01</UIGlow> Potency +50%
Maximum HP -80%
[Suitable for beastkin, vilekin, cloudkin, seedkin, wavekin, scalekin, and ashkin.]",""
198,3,243130,0,"skewer simular",0,"skewer simulars",0,0,1,0,0,"Skewer Simular","<UIForeground>F201FA</UIForeground><UIGlow>F201FB</UIGlow>Slow<UIGlow>01</UIGlow><UIForeground>01</UIForeground> +200%
Physical Damage Dealt +50%
[Suitable for beastkin, vilekin, cloudkin, seedkin, wavekin, scalekin, and ashkin.]",""
199,3,243131,0,"pineapple juice simular",0,"pineapple juice simulars",0,0,1,0,0,"Pineapple Juice Simular","<UIForeground>F201FA</UIForeground><UIGlow>F201FB</UIGlow>Slow<UIGlow>01</UIGlow><UIForeground>01</UIForeground> +200%
Magic Damage Dealt +50%
[Suitable for beastkin, vilekin, cloudkin, seedkin, wavekin, scalekin, and ashkin.]",""
200,3,243132,0,"oyster simular",0,"oyster simulars",0,1,1,0,0,"Oyster Simular","Increases <UIForeground>02</UIForeground><UIGlow>11</UIGlow>Familiar TP Gauge<UIForeground>01</UIForeground><UIGlow>01</UIGlow> by 100 upon commencing battle or when summoned by a beastmaster during combat.
[Suitable for cloudkin.]",""
201,3,243133,0,"blue cheese simular",0,"blue cheese simulars",0,0,1,0,0,"Blue Cheese Simular","Deals unaspected damage with a potency of 350 each time your familiar suffers magic damage.
Counter damage is affected by magic damage increase effects of other feed and crucible items, and your familiar's intelligence.
[Suitable for seedkin and wavekin.]",""
202,3,243134,0,"cottage cheese simular",0,"cottage cheese simulars",0,0,1,0,0,"Cottage Cheese Simular","Maximum HP +30%
<UIForeground>F201FA</UIForeground><UIGlow>F201FB</UIGlow>Haste<UIGlow>01</UIGlow><UIForeground>01</UIForeground> +15%
<UIForeground>F2023B</UIForeground><UIGlow>F2023C</UIGlow>Additional Effect:<UIGlow>01</UIGlow><UIForeground>01</UIForeground> Restores 18% of HP upon consumption
30% chance to recover TP upon completing a combo with a familiar instinctual skill.
[Suitable for vilekin.]",""
203,3,243135,0,"lassi simular",0,"lassi simulars",0,0,1,0,0,"Lassi Simular","Maximum HP +30%
<UIForeground>F2023B</UIForeground><UIGlow>F2023C</UIGlow>Additional Effect:<UIGlow>01</UIGlow><UIForeground>01</UIForeground> Restores 18% of HP upon consumption
<UIForeground>F2023B</UIForeground><UIGlow>F2023C</UIGlow>Additional Effect:<UIGlow>01</UIGlow><UIForeground>01</UIForeground> Completely restores HP at campsites
[Suitable for beastkin, vilekin, cloudkin, seedkin, wavekin, and scalekin.]",""
204,0,0,0,"",0,"",0,0,1,0,0,"","",""
205,0,0,0,"",0,"",0,0,1,0,0,"","",""
